Reward,Win,Sprint,DateTime,Flag
1009.00877,True,55,2024-06-19 16:34:14.546096,True
838.93529,False,65,2024-06-19 16:34:14.546096,True
825.66196,False,64,2024-06-19 16:34:14.546096,True
972.91367,True,57,2024-06-19 16:34:14.546096,True
854.29224,False,67,2024-06-19 16:34:14.546096,True
973.01271,True,57,2024-06-19 16:34:14.546096,True
869.25950,False,65,2024-06-19 16:34:14.546096,True
763.83681,False,65,2024-06-19 16:34:14.546096,True
864.71443,False,66,2024-06-19 16:34:14.546096,True
1013.05219,True,54,2024-06-19 16:34:14.546096,True
863.47436,False,65,2024-06-19 16:34:14.546096,True
1014.96666,True,53,2024-06-19 16:34:14.546096,True
730.42475,False,64,2024-06-19 16:34:14.546096,True
862.74835,False,64,2024-06-19 16:34:14.546096,True
777.34106,False,65,2024-06-19 16:34:14.546096,True
921.84498,False,66,2024-06-19 16:34:14.546096,True
941.95913,True,62,2024-06-19 16:34:14.546096,True
975.61723,True,56,2024-06-19 16:34:14.546096,True
946.94215,True,60,2024-06-19 16:34:14.546096,True
870.43555,False,67,2024-06-19 16:34:14.546096,True
782.67320,False,64,2024-06-19 16:34:14.546096,True
844.89480,False,64,2024-06-19 16:34:14.546096,True
716.93152,False,63,2024-06-19 16:34:14.546096,True
987.68302,True,55,2024-06-19 16:34:14.546096,True
939.97707,True,62,2024-06-19 16:34:14.546096,True
988.34026,True,56,2024-06-19 16:34:14.546096,True
938.29833,True,64,2024-06-19 16:34:14.546096,True
929.08706,False,67,2024-06-19 16:34:14.546096,True
849.91363,False,66,2024-06-19 16:34:14.546096,True
959.37655,True,58,2024-06-19 16:34:14.546096,True
1147.54594,True,48,2024-06-19 16:34:14.546096,True
804.24925,False,65,2024-06-19 16:34:14.546096,True
855.86328,False,65,2024-06-19 16:34:14.546096,True
842.35337,False,65,2024-06-19 16:34:14.546096,True
830.89347,False,65,2024-06-19 16:34:14.546096,True
790.69539,False,65,2024-06-19 16:34:14.546096,True
642.88878,False,63,2024-06-19 16:34:14.546096,True
921.79667,False,66,2024-06-19 16:34:14.546096,True
1056.87349,True,51,2024-06-19 16:34:14.546096,True
1043.09209,True,53,2024-06-19 16:34:14.546096,True
1039.67305,True,52,2024-06-19 16:34:14.546096,True
783.38153,False,65,2024-06-19 16:34:14.546096,True
984.84968,True,55,2024-06-19 16:34:14.546096,True
751.69430,False,63,2024-06-19 16:34:14.546096,True
921.46110,False,66,2024-06-19 16:34:14.546096,True
665.30243,False,63,2024-06-19 16:34:14.546096,True
810.05676,False,64,2024-06-19 16:34:14.546096,True
978.28154,True,56,2024-06-19 16:34:14.546096,True
1108.60141,True,50,2024-06-19 16:34:14.546096,True
908.60954,False,66,2024-06-19 16:34:14.546096,True
923.90382,False,66,2024-06-19 16:34:14.546096,True
1056.49932,True,52,2024-06-19 16:34:14.546096,True
938.21073,True,62,2024-06-19 16:34:14.546096,True
980.34603,True,57,2024-06-19 16:34:14.546096,True
873.51542,False,65,2024-06-19 16:34:14.546096,True
1013.24759,True,54,2024-06-19 16:34:14.546096,True
838.01848,False,64,2024-06-19 16:34:14.546096,True
844.40545,False,64,2024-06-19 16:34:14.546096,True
956.78932,True,58,2024-06-19 16:34:14.546096,True
864.84963,False,66,2024-06-19 16:34:14.546096,True
687.53135,False,62,2024-06-19 16:34:14.546096,True
941.75456,True,63,2024-06-19 16:34:14.546096,True
1130.82782,True,50,2024-06-19 16:34:14.546096,True
962.39129,True,58,2024-06-19 16:34:14.546096,True
968.01713,True,57,2024-06-19 16:34:14.546096,True
677.93729,False,61,2024-06-19 16:34:14.546096,True
918.25033,False,66,2024-06-19 16:34:14.546096,True
822.15135,False,64,2024-06-19 16:34:14.546096,True
863.18179,False,66,2024-06-19 16:34:14.546096,True
870.77531,False,65,2024-06-19 16:34:14.546096,True
979.97596,True,56,2024-06-19 16:34:14.546096,True
790.78928,False,63,2024-06-19 16:34:14.546096,True
768.60397,False,63,2024-06-19 16:34:14.546096,True
1095.59915,True,50,2024-06-19 16:34:14.546096,True
963.88019,True,57,2024-06-19 16:34:14.546096,True
725.12150,False,64,2024-06-19 16:34:14.546096,True
757.14805,False,64,2024-06-19 16:34:14.546096,True
765.39877,False,63,2024-06-19 16:34:14.546096,True
913.06589,False,66,2024-06-19 16:34:14.546096,True
1049.37879,True,52,2024-06-19 16:34:14.546096,True
807.47689,False,66,2024-06-19 16:34:14.546096,True
1062.35209,True,52,2024-06-19 16:34:14.546096,True
856.05511,False,65,2024-06-19 16:34:14.546096,True
803.39623,False,64,2024-06-19 16:34:14.546096,True
880.68262,False,66,2024-06-19 16:34:14.546096,True
1101.97822,True,50,2024-06-19 16:34:14.546096,True
1092.86828,True,50,2024-06-19 16:34:14.546096,True
973.41755,True,56,2024-06-19 16:34:14.546096,True
1046.72049,True,52,2024-06-19 16:34:14.546096,True
587.26448,False,60,2024-06-19 16:34:14.546096,True
919.97954,False,67,2024-06-19 16:34:14.546096,True
915.34839,False,66,2024-06-19 16:34:14.546096,True
993.00938,True,55,2024-06-19 16:34:14.546096,True
762.41648,False,63,2024-06-19 16:34:14.546096,True
876.63870,False,65,2024-06-19 16:34:14.546096,True
818.35823,False,65,2024-06-19 16:34:14.546096,True
788.49268,False,63,2024-06-19 16:34:14.546096,True
1028.55148,True,52,2024-06-19 16:34:14.546096,True
1022.66028,True,52,2024-06-19 16:34:14.546096,True
848.17811,False,64,2024-06-19 16:34:14.546096,True
692.81503,True,54,2024-06-19 17:31:28.773315,False
591.01847,False,68,2024-06-19 17:31:28.773315,False
569.77221,True,54,2024-06-19 17:31:28.773315,False
585.94069,True,57,2024-06-19 17:31:28.773315,False
577.24791,True,61,2024-06-19 17:31:28.773315,False
585.56034,False,67,2024-06-19 17:31:28.773315,False
614.10294,True,54,2024-06-19 17:31:28.773315,False
582.13229,False,69,2024-06-19 17:31:28.773315,False
487.01546,False,67,2024-06-19 17:31:28.773315,False
568.34665,True,64,2024-06-19 17:31:28.773315,False
642.63540,True,59,2024-06-19 17:31:28.773315,False
591.91957,True,53,2024-06-19 17:31:28.773315,False
628.49171,False,70,2024-06-19 17:31:28.773315,False
576.53124,False,69,2024-06-19 17:31:28.773315,False
586.55060,False,70,2024-06-19 17:31:28.773315,False
578.43252,True,62,2024-06-19 17:31:28.773315,False
586.11875,False,69,2024-06-19 17:31:28.773315,False
480.82399,False,66,2024-06-19 17:31:28.773315,False
563.44140,False,68,2024-06-19 17:31:28.773315,False
524.28933,False,67,2024-06-19 17:31:28.773315,False
603.52074,True,52,2024-06-19 17:31:28.773315,False
652.17868,True,58,2024-06-19 17:31:28.773315,False
598.48682,True,57,2024-06-19 17:31:28.773315,False
541.20540,False,69,2024-06-19 17:31:28.773315,False
541.15984,False,67,2024-06-19 17:31:28.773315,False
605.99640,True,55,2024-06-19 17:31:28.773315,False
570.23345,False,69,2024-06-19 17:31:28.773315,False
639.77791,True,68,2024-06-19 17:31:28.773315,False
590.57006,False,69,2024-06-19 17:31:28.773315,False
671.45990,True,60,2024-06-19 17:31:28.773315,False
580.14794,False,70,2024-06-19 17:31:28.773315,False
561.74231,True,55,2024-06-19 17:31:28.773315,False
598.66692,True,57,2024-06-19 17:31:28.773315,False
513.87608,False,66,2024-06-19 17:31:28.773315,False
639.21767,True,60,2024-06-19 17:31:28.773315,False
480.41356,False,64,2024-06-19 17:31:28.773315,False
563.21545,False,69,2024-06-19 17:31:28.773315,False
530.18045,False,66,2024-06-19 17:31:28.773315,False
666.27071,True,64,2024-06-19 17:31:28.773315,False
513.06103,False,68,2024-06-19 17:31:28.773315,False
536.62355,False,69,2024-06-19 17:31:28.773315,False
624.24669,True,50,2024-06-19 17:31:28.773315,False
523.48922,False,67,2024-06-19 17:31:28.773315,False
570.38062,False,70,2024-06-19 17:31:28.773315,False
521.48532,False,68,2024-06-19 17:31:28.773315,False
513.22699,False,68,2024-06-19 17:31:28.773315,False
630.35840,False,69,2024-06-19 17:31:28.773315,False
571.60938,True,68,2024-06-19 17:31:28.773315,False
598.53689,True,53,2024-06-19 17:31:28.773315,False
620.91304,False,68,2024-06-19 17:31:28.773315,False
467.97373,False,64,2024-06-19 17:31:28.773315,False
482.98039,False,66,2024-06-19 17:31:28.773315,False
540.66391,False,67,2024-06-19 17:31:28.773315,False
569.00092,False,70,2024-06-19 17:31:28.773315,False
529.33769,False,67,2024-06-19 17:31:28.773315,False
551.85690,False,68,2024-06-19 17:31:28.773315,False
487.07200,False,67,2024-06-19 17:31:28.773315,False
542.19560,False,68,2024-06-19 17:31:28.773315,False
615.55335,True,56,2024-06-19 17:31:28.773315,False
647.81239,False,70,2024-06-19 17:31:28.773315,False
528.49372,False,66,2024-06-19 17:31:28.773315,False
593.10239,False,69,2024-06-19 17:31:28.773315,False
503.81968,False,66,2024-06-19 17:31:28.773315,False
471.52391,False,66,2024-06-19 17:31:28.773315,False
558.97229,False,69,2024-06-19 17:31:28.773315,False
550.89121,False,69,2024-06-19 17:31:28.773315,False
545.27131,False,68,2024-06-19 17:31:28.773315,False
587.79359,True,66,2024-06-19 17:31:28.773315,False
546.83553,True,59,2024-06-19 17:31:28.773315,False
566.78245,False,69,2024-06-19 17:31:28.773315,False
537.57604,False,68,2024-06-19 17:31:28.773315,False
550.09560,False,68,2024-06-19 17:31:28.773315,False
616.86355,False,70,2024-06-19 17:31:28.773315,False
547.45557,False,69,2024-06-19 17:31:28.773315,False
544.02369,False,68,2024-06-19 17:31:28.773315,False
528.21897,False,68,2024-06-19 17:31:28.773315,False
573.96218,False,69,2024-06-19 17:31:28.773315,False
561.44113,False,66,2024-06-19 17:31:28.773315,False
434.07667,False,62,2024-06-19 17:31:28.773315,False
613.61643,True,54,2024-06-19 17:31:28.773315,False
631.98967,False,69,2024-06-19 17:31:28.773315,False
591.04232,True,61,2024-06-19 17:31:28.773315,False
624.64624,False,69,2024-06-19 17:31:28.773315,False
566.32814,True,57,2024-06-19 17:31:28.773315,False
575.36059,False,68,2024-06-19 17:31:28.773315,False
539.01019,False,67,2024-06-19 17:31:28.773315,False
508.00395,False,66,2024-06-19 17:31:28.773315,False
653.54758,False,71,2024-06-19 17:31:28.773315,False
516.28580,False,67,2024-06-19 17:31:28.773315,False
510.72349,False,66,2024-06-19 17:31:28.773315,False
616.00441,False,70,2024-06-19 17:31:28.773315,False
606.35486,False,69,2024-06-19 17:31:28.773315,False
640.21634,False,70,2024-06-19 17:31:28.773315,False
532.23669,False,68,2024-06-19 17:31:28.773315,False
567.43842,False,68,2024-06-19 17:31:28.773315,False
559.16335,False,69,2024-06-19 17:31:28.773315,False
558.01873,False,69,2024-06-19 17:31:28.773315,False
567.74052,True,69,2024-06-19 17:31:28.773315,False
597.50361,False,70,2024-06-19 17:31:28.773315,False
618.62158,True,53,2024-06-19 17:31:28.773315,False
1067.37355,True,51,2024-06-19 17:55:33.088032,True
971.52695,True,57,2024-06-19 17:55:33.088032,True
953.57493,True,57,2024-06-19 17:55:33.088032,True
944.04350,True,61,2024-06-19 17:55:33.088032,True
1246.31225,True,47,2024-06-19 17:55:33.088032,True
950.78704,True,59,2024-06-19 17:55:33.088032,True
858.19328,False,66,2024-06-19 17:55:33.088032,True
1011.97942,True,54,2024-06-19 17:55:33.088032,True
883.62249,False,66,2024-06-19 17:55:33.088032,True
877.53944,False,65,2024-06-19 17:55:33.088032,True
840.44581,False,66,2024-06-19 17:55:33.088032,True
842.39958,False,63,2024-06-19 17:55:33.088032,True
1029.61431,True,51,2024-06-19 17:55:33.088032,True
913.39299,False,66,2024-06-19 17:55:33.088032,True
937.47455,True,62,2024-06-19 17:55:33.088032,True
726.39007,False,64,2024-06-19 17:55:33.088032,True
999.01301,True,53,2024-06-19 17:55:33.088032,True
899.87316,False,66,2024-06-19 17:55:33.088032,True
840.74728,False,65,2024-06-19 17:55:33.088032,True
970.81071,True,55,2024-06-19 17:55:33.088032,True
1111.61190,True,49,2024-06-19 17:55:33.088032,True
1041.05219,True,51,2024-06-19 17:55:33.088032,True
836.93986,False,64,2024-06-19 17:55:33.088032,True
1000.79091,True,54,2024-06-19 17:55:33.088032,True
1005.30886,True,54,2024-06-19 17:55:33.088032,True
998.80567,True,55,2024-06-19 17:55:33.088032,True
782.58204,False,65,2024-06-19 17:55:33.088032,True
976.17228,True,54,2024-06-19 17:55:33.088032,True
953.93408,True,57,2024-06-19 17:55:33.088032,True
996.73930,True,54,2024-06-19 17:55:33.088032,True
1047.90363,True,52,2024-06-19 17:55:33.088032,True
885.85440,False,66,2024-06-19 17:55:33.088032,True
876.77048,False,66,2024-06-19 17:55:33.088032,True
998.64413,True,53,2024-06-19 17:55:33.088032,True
926.08472,False,66,2024-06-19 17:55:33.088032,True
969.97821,True,57,2024-06-19 17:55:33.088032,True
895.95914,False,66,2024-06-19 17:55:33.088032,True
1060.75287,True,51,2024-06-19 17:55:33.088032,True
958.03189,True,59,2024-06-19 17:55:33.088032,True
1070.83848,True,51,2024-06-19 17:55:33.088032,True
1062.07260,True,51,2024-06-19 17:55:33.088032,True
970.54386,True,56,2024-06-19 17:55:33.088032,True
852.51752,False,65,2024-06-19 17:55:33.088032,True
873.10090,False,64,2024-06-19 17:55:33.088032,True
980.29409,True,55,2024-06-19 17:55:33.088032,True
983.17407,True,57,2024-06-19 17:55:33.088032,True
1085.61969,True,50,2024-06-19 17:55:33.088032,True
880.04200,False,65,2024-06-19 17:55:33.088032,True
982.64520,True,55,2024-06-19 17:55:33.088032,True
1054.54345,True,49,2024-06-19 17:55:33.088032,True
1026.92664,True,53,2024-06-19 17:55:33.088032,True
847.41903,False,65,2024-06-19 17:55:33.088032,True
868.54885,False,66,2024-06-19 17:55:33.088032,True
1098.78903,True,48,2024-06-19 17:55:33.088032,True
986.14730,True,56,2024-06-19 17:55:33.088032,True
902.41708,False,64,2024-06-19 17:55:33.088032,True
1119.86775,True,50,2024-06-19 17:55:33.088032,True
1031.52737,True,53,2024-06-19 17:55:33.088032,True
1057.67213,True,51,2024-06-19 17:55:33.088032,True
994.64746,True,53,2024-06-19 17:55:33.088032,True
955.25408,True,58,2024-06-19 17:55:33.088032,True
1048.94671,True,51,2024-06-19 17:55:33.088032,True
897.86313,False,65,2024-06-19 17:55:33.088032,True
879.22956,False,67,2024-06-19 17:55:33.088032,True
1050.13499,True,52,2024-06-19 17:55:33.088032,True
885.42501,False,66,2024-06-19 17:55:33.088032,True
1066.42239,True,51,2024-06-19 17:55:33.088032,True
850.32588,False,65,2024-06-19 17:55:33.088032,True
1035.65311,True,52,2024-06-19 17:55:33.088032,True
973.29519,True,56,2024-06-19 17:55:33.088032,True
872.68726,False,65,2024-06-19 17:55:33.088032,True
842.38649,False,65,2024-06-19 17:55:33.088032,True
922.18696,False,66,2024-06-19 17:55:33.088032,True
995.67299,True,54,2024-06-19 17:55:33.088032,True
913.40585,False,65,2024-06-19 17:55:33.088032,True
907.12322,False,65,2024-06-19 17:55:33.088032,True
973.41091,True,56,2024-06-19 17:55:33.088032,True
896.57134,False,66,2024-06-19 17:55:33.088032,True
1086.17675,True,50,2024-06-19 17:55:33.088032,True
729.81041,False,65,2024-06-19 17:55:33.088032,True
919.19023,False,66,2024-06-19 17:55:33.088032,True
1011.10041,True,53,2024-06-19 17:55:33.088032,True
1079.86908,True,51,2024-06-19 17:55:33.088032,True
839.02916,False,66,2024-06-19 17:55:33.088032,True
988.22852,True,54,2024-06-19 17:55:33.088032,True
1102.15662,True,50,2024-06-19 17:55:33.088032,True
995.78978,True,55,2024-06-19 17:55:33.088032,True
1009.33897,True,52,2024-06-19 17:55:33.088032,True
987.80997,True,55,2024-06-19 17:55:33.088032,True
889.12944,False,66,2024-06-19 17:55:33.088032,True
929.98386,False,66,2024-06-19 17:55:33.088032,True
778.07133,False,65,2024-06-19 17:55:33.088032,True
744.23654,False,64,2024-06-19 17:55:33.088032,True
835.16634,False,65,2024-06-19 17:55:33.088032,True
916.56201,False,66,2024-06-19 17:55:33.088032,True
963.95023,True,57,2024-06-19 17:55:33.088032,True
785.31677,False,64,2024-06-19 17:55:33.088032,True
943.51799,True,60,2024-06-19 17:55:33.088032,True
978.65286,True,57,2024-06-19 17:55:33.088032,True
1082.82180,True,51,2024-06-19 17:55:33.088032,True
807.74048,False,62,2024-06-19 20:31:45.912356,True
893.45138,False,64,2024-06-19 20:31:45.912356,True
971.74688,True,57,2024-06-19 20:31:45.912356,True
892.58132,False,65,2024-06-19 20:31:45.912356,True
859.37271,False,62,2024-06-19 20:31:45.912356,True
909.50762,False,65,2024-06-19 20:31:45.912356,True
1070.85627,True,52,2024-06-19 20:31:45.912356,True
799.34548,False,65,2024-06-19 20:31:45.912356,True
967.00744,True,57,2024-06-19 20:31:45.912356,True
995.42296,True,55,2024-06-19 20:31:45.912356,True
824.27610,False,63,2024-06-19 20:31:45.912356,True
920.22916,False,65,2024-06-19 20:31:45.912356,True
1039.86538,True,52,2024-06-19 20:31:45.912356,True
849.71592,False,64,2024-06-19 20:31:45.912356,True
1004.04552,True,54,2024-06-19 20:31:45.912356,True
833.17979,False,65,2024-06-19 20:31:45.912356,True
966.77258,True,57,2024-06-19 20:31:45.912356,True
900.78386,False,65,2024-06-19 20:31:45.912356,True
869.97524,False,66,2024-06-19 20:31:45.912356,True
949.49681,True,60,2024-06-19 20:31:45.912356,True
899.32188,False,64,2024-06-19 20:31:45.912356,True
951.24527,True,59,2024-06-19 20:31:45.912356,True
868.58228,False,65,2024-06-19 20:31:45.912356,True
758.67252,False,64,2024-06-19 20:31:45.912356,True
987.77069,True,55,2024-06-19 20:31:45.912356,True
1059.00824,True,50,2024-06-19 20:31:45.912356,True
953.64763,True,57,2024-06-19 20:31:45.912356,True
932.08840,False,65,2024-06-19 20:31:45.912356,True
998.75790,True,54,2024-06-19 20:31:45.912356,True
857.04513,False,65,2024-06-19 20:31:45.912356,True
897.10762,False,65,2024-06-19 20:31:45.912356,True
845.09153,False,65,2024-06-19 20:31:45.912356,True
1031.76412,True,52,2024-06-19 20:31:45.912356,True
774.13399,False,64,2024-06-19 20:31:45.912356,True
1071.67517,True,49,2024-06-19 20:31:45.912356,True
902.31134,False,65,2024-06-19 20:31:45.912356,True
975.76756,True,57,2024-06-19 20:31:45.912356,True
875.10506,False,65,2024-06-19 20:31:45.912356,True
991.03909,True,55,2024-06-19 20:31:45.912356,True
818.62752,False,65,2024-06-19 20:31:45.912356,True
927.34024,False,66,2024-06-19 20:31:45.912356,True
922.55034,False,65,2024-06-19 20:31:45.912356,True
1035.69590,True,51,2024-06-19 20:31:45.912356,True
965.03106,True,56,2024-06-19 20:31:45.912356,True
1166.96924,True,47,2024-06-19 20:31:45.912356,True
962.82563,True,57,2024-06-19 20:31:45.912356,True
1110.16392,True,49,2024-06-19 20:31:45.912356,True
901.33427,False,63,2024-06-19 20:31:45.912356,True
848.73455,False,64,2024-06-19 20:31:45.912356,True
925.69295,False,66,2024-06-19 20:31:45.912356,True
968.64549,True,57,2024-06-19 20:31:45.912356,True
1133.22049,True,49,2024-06-19 20:31:45.912356,True
993.77603,True,54,2024-06-19 20:31:45.912356,True
813.92060,False,64,2024-06-19 20:31:45.912356,True
968.53879,True,55,2024-06-19 20:31:45.912356,True
959.68900,True,58,2024-06-19 20:31:45.912356,True
797.19140,False,65,2024-06-19 20:31:45.912356,True
1006.94902,True,52,2024-06-19 20:31:45.912356,True
856.36922,False,64,2024-06-19 20:31:45.912356,True
1021.74222,True,53,2024-06-19 20:31:45.912356,True
997.07544,True,56,2024-06-19 20:31:45.912356,True
1051.97823,True,51,2024-06-19 20:31:45.912356,True
1079.49434,True,52,2024-06-19 20:31:45.912356,True
1108.79667,True,49,2024-06-19 20:31:45.912356,True
1114.38746,True,48,2024-06-19 20:31:45.912356,True
975.64877,True,56,2024-06-19 20:31:45.912356,True
974.98219,True,57,2024-06-19 20:31:45.912356,True
873.49960,False,65,2024-06-19 20:31:45.912356,True
1041.35136,True,52,2024-06-19 20:31:45.912356,True
1088.43647,True,51,2024-06-19 20:31:45.912356,True
1031.65424,True,52,2024-06-19 20:31:45.912356,True
1030.46622,True,54,2024-06-19 20:31:45.912356,True
839.40869,False,65,2024-06-19 20:31:45.912356,True
859.86038,False,65,2024-06-19 20:31:45.912356,True
951.34348,True,58,2024-06-19 20:31:45.912356,True
1032.59739,True,53,2024-06-19 20:31:45.912356,True
948.79726,True,60,2024-06-19 20:31:45.912356,True
991.53991,True,53,2024-06-19 20:31:45.912356,True
967.26045,True,56,2024-06-19 20:31:45.912356,True
997.33243,True,53,2024-06-19 20:31:45.912356,True
1006.68259,True,52,2024-06-19 20:31:45.912356,True
927.23414,False,64,2024-06-19 20:31:45.912356,True
948.06736,True,61,2024-06-19 20:31:45.912356,True
1023.82407,True,52,2024-06-19 20:31:45.912356,True
946.02908,True,60,2024-06-19 20:31:45.912356,True
910.31544,False,66,2024-06-19 20:31:45.912356,True
596.49302,False,56,2024-06-19 20:31:45.912356,True
1107.77958,True,51,2024-06-19 20:31:45.912356,True
810.63047,False,64,2024-06-19 20:31:45.912356,True
994.12558,True,55,2024-06-19 20:31:45.912356,True
810.00373,False,64,2024-06-19 20:31:45.912356,True
948.73307,True,59,2024-06-19 20:31:45.912356,True
903.87302,False,65,2024-06-19 20:31:45.912356,True
820.70264,False,65,2024-06-19 20:31:45.912356,True
797.04837,False,62,2024-06-19 20:31:45.912356,True
883.81835,False,63,2024-06-19 20:31:45.912356,True
860.01988,False,65,2024-06-19 20:31:45.912356,True
930.35615,False,65,2024-06-19 20:31:45.912356,True
1058.93918,True,52,2024-06-19 20:31:45.912356,True
1025.06332,True,51,2024-06-19 20:31:45.912356,True
613.49587,False,71,2024-06-19 21:01:46.372718,False
619.18573,True,61,2024-06-19 21:01:46.372718,False
531.04301,False,67,2024-06-19 21:01:46.372718,False
579.05257,False,71,2024-06-19 21:01:46.372718,False
534.18950,False,66,2024-06-19 21:01:46.372718,False
593.66660,True,65,2024-06-19 21:01:46.372718,False
561.20924,False,69,2024-06-19 21:01:46.372718,False
560.46006,False,68,2024-06-19 21:01:46.372718,False
536.09016,False,65,2024-06-19 21:01:46.372718,False
626.45861,True,56,2024-06-19 21:01:46.372718,False
492.85771,False,67,2024-06-19 21:01:46.372718,False
590.76596,True,68,2024-06-19 21:01:46.372718,False
616.84549,True,61,2024-06-19 21:01:46.372718,False
516.12470,False,66,2024-06-19 21:01:46.372718,False
600.02067,True,61,2024-06-19 21:01:46.372718,False
524.76546,False,67,2024-06-19 21:01:46.372718,False
600.53322,True,59,2024-06-19 21:01:46.372718,False
543.22043,False,69,2024-06-19 21:01:46.372718,False
589.71786,True,62,2024-06-19 21:01:46.372718,False
515.74199,False,66,2024-06-19 21:01:46.372718,False
638.27557,False,71,2024-06-19 21:01:46.372718,False
596.34267,False,68,2024-06-19 21:01:46.372718,False
525.37211,False,67,2024-06-19 21:01:46.372718,False
599.58355,True,59,2024-06-19 21:01:46.372718,False
551.49442,False,68,2024-06-19 21:01:46.372718,False
578.82467,True,67,2024-06-19 21:01:46.372718,False
594.15522,False,70,2024-06-19 21:01:46.372718,False
562.94131,False,69,2024-06-19 21:01:46.372718,False
584.45652,False,68,2024-06-19 21:01:46.372718,False
445.75743,False,63,2024-06-19 21:01:46.372718,False
645.27649,False,70,2024-06-19 21:01:46.372718,False
527.67683,False,68,2024-06-19 21:01:46.372718,False
616.64517,True,63,2024-06-19 21:01:46.372718,False
712.33035,True,55,2024-06-19 21:01:46.372718,False
603.89909,False,68,2024-06-19 21:01:46.372718,False
554.43497,False,66,2024-06-19 21:01:46.372718,False
598.92149,False,68,2024-06-19 21:01:46.372718,False
578.61761,False,69,2024-06-19 21:01:46.372718,False
574.63274,False,69,2024-06-19 21:01:46.372718,False
587.19558,False,67,2024-06-19 21:01:46.372718,False
565.48116,False,69,2024-06-19 21:01:46.372718,False
563.59990,False,69,2024-06-19 21:01:46.372718,False
514.42351,False,66,2024-06-19 21:01:46.372718,False
627.34246,True,60,2024-06-19 21:01:46.372718,False
616.86202,True,57,2024-06-19 21:01:46.372718,False
553.22013,False,68,2024-06-19 21:01:46.372718,False
510.09845,False,66,2024-06-19 21:01:46.372718,False
559.51503,False,69,2024-06-19 21:01:46.372718,False
494.76499,False,66,2024-06-19 21:01:46.372718,False
498.73274,False,67,2024-06-19 21:01:46.372718,False
600.95651,True,59,2024-06-19 21:01:46.372718,False
622.70662,False,69,2024-06-19 21:01:46.372718,False
603.83341,False,71,2024-06-19 21:01:46.372718,False
574.74569,False,68,2024-06-19 21:01:46.372718,False
580.64244,False,70,2024-06-19 21:01:46.372718,False
606.79448,False,70,2024-06-19 21:01:46.372718,False
436.65188,False,61,2024-06-19 21:01:46.372718,False
571.66346,False,68,2024-06-19 21:01:46.372718,False
523.81623,False,68,2024-06-19 21:01:46.372718,False
607.30745,False,71,2024-06-19 21:01:46.372718,False
549.38319,False,68,2024-06-19 21:01:46.372718,False
698.81651,True,54,2024-06-19 21:01:46.372718,False
595.34501,False,71,2024-06-19 21:01:46.372718,False
605.84763,False,71,2024-06-19 21:01:46.372718,False
649.26208,False,71,2024-06-19 21:01:46.372718,False
537.40222,False,66,2024-06-19 21:01:46.372718,False
603.62736,False,71,2024-06-19 21:01:46.372718,False
517.36649,False,66,2024-06-19 21:01:46.372718,False
527.70518,False,66,2024-06-19 21:01:46.372718,False
585.85966,False,70,2024-06-19 21:01:46.372718,False
545.71044,False,69,2024-06-19 21:01:46.372718,False
625.64084,True,59,2024-06-19 21:01:46.372718,False
545.22573,False,67,2024-06-19 21:01:46.372718,False
547.01767,False,67,2024-06-19 21:01:46.372718,False
542.44521,False,68,2024-06-19 21:01:46.372718,False
712.26627,True,53,2024-06-19 21:01:46.372718,False
598.40698,False,70,2024-06-19 21:01:46.372718,False
605.00965,False,70,2024-06-19 21:01:46.372718,False
508.37267,False,67,2024-06-19 21:01:46.372718,False
497.54244,False,67,2024-06-19 21:01:46.372718,False
600.26788,False,70,2024-06-19 21:01:46.372718,False
621.21451,True,66,2024-06-19 21:01:46.372718,False
583.69196,False,70,2024-06-19 21:01:46.372718,False
597.88457,False,71,2024-06-19 21:01:46.372718,False
605.08610,False,70,2024-06-19 21:01:46.372718,False
593.19151,True,60,2024-06-19 21:01:46.372718,False
558.85381,False,68,2024-06-19 21:01:46.372718,False
656.45777,False,71,2024-06-19 21:01:46.372718,False
562.32992,False,70,2024-06-19 21:01:46.372718,False
618.57197,False,70,2024-06-19 21:01:46.372718,False
592.23228,False,70,2024-06-19 21:01:46.372718,False
540.66011,False,68,2024-06-19 21:01:46.372718,False
624.61221,True,61,2024-06-19 21:01:46.372718,False
618.39075,False,68,2024-06-19 21:01:46.372718,False
617.11487,True,67,2024-06-19 21:01:46.372718,False
591.17209,False,70,2024-06-19 21:01:46.372718,False
553.33634,False,69,2024-06-19 21:01:46.372718,False
540.22633,False,68,2024-06-19 21:01:46.372718,False
602.78786,False,68,2024-06-19 21:01:46.372718,False
578.18006,False,70,2024-06-19 21:01:46.372718,False
916.63667,False,65,2024-06-19 21:26:13.892187,True
1046.56037,True,52,2024-06-19 21:26:13.892187,True
877.60609,False,65,2024-06-19 21:26:13.892187,True
822.70604,False,66,2024-06-19 21:26:13.892187,True
1043.25487,True,52,2024-06-19 21:26:13.892187,True
909.28455,False,67,2024-06-19 21:26:13.892187,True
964.81763,True,57,2024-06-19 21:26:13.892187,True
895.39441,False,65,2024-06-19 21:26:13.892187,True
1079.45801,True,51,2024-06-19 21:26:13.892187,True
883.83903,False,66,2024-06-19 21:26:13.892187,True
881.37363,False,66,2024-06-19 21:26:13.892187,True
1075.06130,True,51,2024-06-19 21:26:13.892187,True
820.52824,False,64,2024-06-19 21:26:13.892187,True
901.74769,False,65,2024-06-19 21:26:13.892187,True
1048.03648,True,52,2024-06-19 21:26:13.892187,True
1031.60602,True,53,2024-06-19 21:26:13.892187,True
917.84016,False,65,2024-06-19 21:26:13.892187,True
778.26393,False,63,2024-06-19 21:26:13.892187,True
953.96341,True,59,2024-06-19 21:26:13.892187,True
921.71024,False,67,2024-06-19 21:26:13.892187,True
940.18884,True,62,2024-06-19 21:26:13.892187,True
870.18987,False,65,2024-06-19 21:26:13.892187,True
1013.57037,True,54,2024-06-19 21:26:13.892187,True
748.34964,False,65,2024-06-19 21:26:13.892187,True
941.91358,True,63,2024-06-19 21:26:13.892187,True
1032.12591,True,53,2024-06-19 21:26:13.892187,True
843.81821,False,65,2024-06-19 21:26:13.892187,True
794.21085,False,64,2024-06-19 21:26:13.892187,True
1083.13675,True,51,2024-06-19 21:26:13.892187,True
575.95322,False,56,2024-06-19 21:26:13.892187,True
839.14476,False,66,2024-06-19 21:26:13.892187,True
857.82767,False,66,2024-06-19 21:26:13.892187,True
910.04864,False,66,2024-06-19 21:26:13.892187,True
1007.46901,True,54,2024-06-19 21:26:13.892187,True
592.31933,False,61,2024-06-19 21:26:13.892187,True
752.25537,False,65,2024-06-19 21:26:13.892187,True
757.41434,False,63,2024-06-19 21:26:13.892187,True
1176.66859,True,48,2024-06-19 21:26:13.892187,True
1184.65451,True,47,2024-06-19 21:26:13.892187,True
1021.97693,True,53,2024-06-19 21:26:13.892187,True
892.71982,False,66,2024-06-19 21:26:13.892187,True
917.44112,False,65,2024-06-19 21:26:13.892187,True
1041.46695,True,51,2024-06-19 21:26:13.892187,True
1042.20131,True,52,2024-06-19 21:26:13.892187,True
933.58618,True,64,2024-06-19 21:26:13.892187,True
960.44143,True,58,2024-06-19 21:26:13.892187,True
896.66174,False,65,2024-06-19 21:26:13.892187,True
927.41868,False,66,2024-06-19 21:26:13.892187,True
1108.99872,True,50,2024-06-19 21:26:13.892187,True
989.05699,True,55,2024-06-19 21:26:13.892187,True
956.75907,True,59,2024-06-19 21:26:13.892187,True
1173.16897,True,48,2024-06-19 21:26:13.892187,True
907.87012,False,65,2024-06-19 21:26:13.892187,True
793.47644,False,63,2024-06-19 21:26:13.892187,True
1083.84344,True,50,2024-06-19 21:26:13.892187,True
889.03744,False,65,2024-06-19 21:26:13.892187,True
956.22582,True,59,2024-06-19 21:26:13.892187,True
998.53786,True,55,2024-06-19 21:26:13.892187,True
1018.98680,True,53,2024-06-19 21:26:13.892187,True
1093.30535,True,50,2024-06-19 21:26:13.892187,True
833.51080,False,65,2024-06-19 21:26:13.892187,True
1015.11618,True,54,2024-06-19 21:26:13.892187,True
940.68864,True,59,2024-06-19 21:26:13.892187,True
759.69771,False,65,2024-06-19 21:26:13.892187,True
892.51406,False,65,2024-06-19 21:26:13.892187,True
980.72323,True,56,2024-06-19 21:26:13.892187,True
880.22876,False,67,2024-06-19 21:26:13.892187,True
877.82708,False,65,2024-06-19 21:26:13.892187,True
1016.88104,True,54,2024-06-19 21:26:13.892187,True
1098.59324,True,48,2024-06-19 21:26:13.892187,True
1098.31622,True,49,2024-06-19 21:26:13.892187,True
704.23516,False,62,2024-06-19 21:26:13.892187,True
1001.85721,True,53,2024-06-19 21:26:13.892187,True
850.25722,False,64,2024-06-19 21:26:13.892187,True
1052.83494,True,52,2024-06-19 21:26:13.892187,True
1064.50418,True,52,2024-06-19 21:26:13.892187,True
926.01305,False,66,2024-06-19 21:26:13.892187,True
813.51136,False,64,2024-06-19 21:26:13.892187,True
677.79806,False,62,2024-06-19 21:26:13.892187,True
860.86402,False,66,2024-06-19 21:26:13.892187,True
1034.96063,True,52,2024-06-19 21:26:13.892187,True
787.33546,False,64,2024-06-19 21:26:13.892187,True
957.03028,True,58,2024-06-19 21:26:13.892187,True
782.82647,False,63,2024-06-19 21:26:13.892187,True
874.75143,False,65,2024-06-19 21:26:13.892187,True
961.20537,True,57,2024-06-19 21:26:13.892187,True
995.06963,True,56,2024-06-19 21:26:13.892187,True
900.88991,False,67,2024-06-19 21:26:13.892187,True
866.98985,False,65,2024-06-19 21:26:13.892187,True
883.08462,False,65,2024-06-19 21:26:13.892187,True
977.48715,True,56,2024-06-19 21:26:13.892187,True
909.22636,False,66,2024-06-19 21:26:13.892187,True
812.15453,False,64,2024-06-19 21:26:13.892187,True
774.33904,False,64,2024-06-19 21:26:13.892187,True
776.49328,False,63,2024-06-19 21:26:13.892187,True
893.08256,False,65,2024-06-19 21:26:13.892187,True
1039.60800,True,53,2024-06-19 21:26:13.892187,True
695.54640,False,62,2024-06-19 21:26:13.892187,True
872.73827,False,65,2024-06-19 21:26:13.892187,True
1056.71206,True,52,2024-06-19 21:26:13.892187,True
965.34309,True,57,2024-06-20 10:45:45.662536,True
897.23473,False,65,2024-06-20 10:45:45.662536,True
710.05317,False,59,2024-06-20 10:45:45.662536,True
907.18207,False,66,2024-06-20 10:45:45.662536,True
729.82828,False,60,2024-06-20 10:45:45.662536,True
600.87990,False,57,2024-06-20 10:45:45.662536,True
689.69713,False,58,2024-06-20 10:45:45.662536,True
869.90104,False,64,2024-06-20 10:45:45.662536,True
849.24762,False,64,2024-06-20 10:45:45.662536,True
669.83056,False,58,2024-06-20 10:45:45.662536,True
1176.65772,True,48,2024-06-20 10:45:45.662536,True
1047.23908,True,53,2024-06-20 10:45:45.662536,True
697.10943,False,58,2024-06-20 10:45:45.662536,True
668.38933,False,59,2024-06-20 10:45:45.662536,True
653.04382,False,58,2024-06-20 10:45:45.662536,True
635.36164,False,58,2024-06-20 10:45:45.662536,True
695.99219,False,59,2024-06-20 10:45:45.662536,True
644.50977,False,58,2024-06-20 10:45:45.662536,True
903.29623,False,65,2024-06-20 10:45:45.662536,True
696.90451,False,59,2024-06-20 10:45:45.662536,True
641.05806,False,58,2024-06-20 10:45:45.662536,True
588.80172,False,57,2024-06-20 10:45:45.662536,True
664.99048,False,58,2024-06-20 10:45:45.662536,True
660.40096,False,59,2024-06-20 10:45:45.662536,True
627.79583,False,58,2024-06-20 10:45:45.662536,True
848.56893,False,64,2024-06-20 10:45:45.662536,True
612.27341,False,57,2024-06-20 10:45:45.662536,True
830.24550,False,64,2024-06-20 10:45:45.662536,True
641.04765,False,58,2024-06-20 10:45:45.662536,True
714.35772,False,59,2024-06-20 10:45:45.662536,True
724.39149,False,60,2024-06-20 10:45:45.662536,True
649.02208,False,58,2024-06-20 10:45:45.662536,True
704.29819,False,59,2024-06-20 10:45:45.662536,True
638.19455,False,58,2024-06-20 10:45:45.662536,True
809.12689,False,64,2024-06-20 10:45:45.662536,True
719.45952,False,59,2024-06-20 10:45:45.662536,True
930.69682,True,64,2024-06-20 10:45:45.662536,True
660.25006,False,58,2024-06-20 10:45:45.662536,True
710.98597,False,59,2024-06-20 10:45:45.662536,True
697.03519,False,59,2024-06-20 10:45:45.662536,True
688.34631,False,59,2024-06-20 10:45:45.662536,True
858.27283,False,64,2024-06-20 10:45:45.662536,True
725.22503,False,59,2024-06-20 10:45:45.662536,True
662.96474,False,59,2024-06-20 10:45:45.662536,True
714.44291,False,60,2024-06-20 10:45:45.662536,True
741.73926,False,59,2024-06-20 10:45:45.662536,True
1010.33826,True,53,2024-06-20 10:45:45.662536,True
728.10702,False,59,2024-06-20 10:45:45.662536,True
572.12818,False,57,2024-06-20 10:45:45.662536,True
753.58893,False,60,2024-06-20 10:45:45.662536,True
614.04672,False,57,2024-06-20 10:45:45.662536,True
653.72882,False,58,2024-06-20 10:45:45.662536,True
639.78537,False,57,2024-06-20 10:45:45.662536,True
702.79082,False,60,2024-06-20 10:45:45.662536,True
743.73611,False,59,2024-06-20 10:45:45.662536,True
620.76003,False,58,2024-06-20 10:45:45.662536,True
662.65760,False,59,2024-06-20 10:45:45.662536,True
658.92403,False,58,2024-06-20 10:45:45.662536,True
1045.94589,True,52,2024-06-20 10:45:45.662536,True
674.26657,False,59,2024-06-20 10:45:45.662536,True
571.97919,False,57,2024-06-20 10:45:45.662536,True
893.31933,False,65,2024-06-20 10:45:45.662536,True
660.11861,False,58,2024-06-20 10:45:45.662536,True
686.59703,False,59,2024-06-20 10:45:45.662536,True
717.49214,False,60,2024-06-20 10:45:45.662536,True
762.16114,False,60,2024-06-20 10:45:45.662536,True
697.30928,False,59,2024-06-20 10:45:45.662536,True
695.01404,False,59,2024-06-20 10:45:45.662536,True
644.96914,False,58,2024-06-20 10:45:45.662536,True
652.33427,False,59,2024-06-20 10:45:45.662536,True
681.08720,False,58,2024-06-20 10:45:45.662536,True
759.00468,False,60,2024-06-20 10:45:45.662536,True
611.40872,False,58,2024-06-20 10:45:45.662536,True
775.18551,False,60,2024-06-20 10:45:45.662536,True
869.02577,False,64,2024-06-20 10:45:45.662536,True
707.97041,False,59,2024-06-20 10:45:45.662536,True
1011.20560,True,53,2024-06-20 10:45:45.662536,True
982.73198,True,55,2024-06-20 10:45:45.662536,True
687.01534,False,59,2024-06-20 10:45:45.662536,True
714.32782,False,59,2024-06-20 10:45:45.662536,True
760.79914,False,60,2024-06-20 10:45:45.662536,True
781.85790,False,63,2024-06-20 10:45:45.662536,True
602.36991,False,57,2024-06-20 10:45:45.662536,True
712.17298,False,59,2024-06-20 10:45:45.662536,True
690.32784,False,59,2024-06-20 10:45:45.662536,True
984.36619,True,56,2024-06-20 10:45:45.662536,True
863.18509,False,64,2024-06-20 10:45:45.662536,True
617.52323,False,58,2024-06-20 10:45:45.662536,True
633.28162,False,58,2024-06-20 10:45:45.662536,True
665.54914,False,58,2024-06-20 10:45:45.662536,True
808.60111,False,63,2024-06-20 10:45:45.662536,True
679.31522,False,59,2024-06-20 10:45:45.662536,True
963.21928,True,56,2024-06-20 10:45:45.662536,True
728.54525,False,59,2024-06-20 10:45:45.662536,True
708.30181,False,59,2024-06-20 10:45:45.662536,True
780.82394,False,61,2024-06-20 10:45:45.662536,True
1056.50142,True,52,2024-06-20 10:45:45.662536,True
710.27407,False,59,2024-06-20 10:45:45.662536,True
1142.15229,True,49,2024-06-20 10:45:45.662536,True
697.75644,False,59,2024-06-20 10:45:45.662536,True
681.04741,False,71,2024-06-20 11:15:06.255742,False
554.46263,False,68,2024-06-20 11:15:06.255742,False
474.05148,False,66,2024-06-20 11:15:06.255742,False
569.58738,False,69,2024-06-20 11:15:06.255742,False
604.48105,False,68,2024-06-20 11:15:06.255742,False
502.46899,False,68,2024-06-20 11:15:06.255742,False
612.60767,False,71,2024-06-20 11:15:06.255742,False
614.62155,False,69,2024-06-20 11:15:06.255742,False
716.22278,True,53,2024-06-20 11:15:06.255742,False
504.66787,False,67,2024-06-20 11:15:06.255742,False
502.88993,False,66,2024-06-20 11:15:06.255742,False
563.74487,False,69,2024-06-20 11:15:06.255742,False
616.88627,True,55,2024-06-20 11:15:06.255742,False
621.52116,False,70,2024-06-20 11:15:06.255742,False
593.83670,False,69,2024-06-20 11:15:06.255742,False
566.81736,False,68,2024-06-20 11:15:06.255742,False
658.91720,False,69,2024-06-20 11:15:06.255742,False
522.56523,False,66,2024-06-20 11:15:06.255742,False
522.74559,False,67,2024-06-20 11:15:06.255742,False
689.48604,True,56,2024-06-20 11:15:06.255742,False
626.51969,False,70,2024-06-20 11:15:06.255742,False
640.98542,True,62,2024-06-20 11:15:06.255742,False
680.80257,True,56,2024-06-20 11:15:06.255742,False
563.79791,False,69,2024-06-20 11:15:06.255742,False
552.74283,False,69,2024-06-20 11:15:06.255742,False
636.04787,True,59,2024-06-20 11:15:06.255742,False
514.26638,False,65,2024-06-20 11:15:06.255742,False
528.06029,False,67,2024-06-20 11:15:06.255742,False
528.50755,False,67,2024-06-20 11:15:06.255742,False
619.40218,False,70,2024-06-20 11:15:06.255742,False
596.64486,False,70,2024-06-20 11:15:06.255742,False
633.40786,False,71,2024-06-20 11:15:06.255742,False
618.02339,True,63,2024-06-20 11:15:06.255742,False
582.52335,True,60,2024-06-20 11:15:06.255742,False
580.89344,True,61,2024-06-20 11:15:06.255742,False
578.72710,False,69,2024-06-20 11:15:06.255742,False
603.55948,False,69,2024-06-20 11:15:06.255742,False
627.50111,False,69,2024-06-20 11:15:06.255742,False
555.42901,False,67,2024-06-20 11:15:06.255742,False
616.40279,False,70,2024-06-20 11:15:06.255742,False
725.02252,True,54,2024-06-20 11:15:06.255742,False
426.95190,False,61,2024-06-20 11:15:06.255742,False
581.61038,False,69,2024-06-20 11:15:06.255742,False
605.20337,False,68,2024-06-20 11:15:06.255742,False
525.91689,False,68,2024-06-20 11:15:06.255742,False
529.23098,False,67,2024-06-20 11:15:06.255742,False
592.21185,False,69,2024-06-20 11:15:06.255742,False
611.86742,False,70,2024-06-20 11:15:06.255742,False
548.80137,False,68,2024-06-20 11:15:06.255742,False
547.00004,False,69,2024-06-20 11:15:06.255742,False
639.16985,False,70,2024-06-20 11:15:06.255742,False
599.17653,False,71,2024-06-20 11:15:06.255742,False
613.19948,False,71,2024-06-20 11:15:06.255742,False
562.87333,False,69,2024-06-20 11:15:06.255742,False
517.30619,False,67,2024-06-20 11:15:06.255742,False
639.86989,True,60,2024-06-20 11:15:06.255742,False
563.77493,False,68,2024-06-20 11:15:06.255742,False
522.30671,False,67,2024-06-20 11:15:06.255742,False
661.20922,True,66,2024-06-20 11:15:06.255742,False
537.35732,False,68,2024-06-20 11:15:06.255742,False
516.33553,False,67,2024-06-20 11:15:06.255742,False
597.01162,False,70,2024-06-20 11:15:06.255742,False
595.30790,True,58,2024-06-20 11:15:06.255742,False
660.93761,True,59,2024-06-20 11:15:06.255742,False
619.78902,True,63,2024-06-20 11:15:06.255742,False
447.65620,False,65,2024-06-20 11:15:06.255742,False
497.50297,False,65,2024-06-20 11:15:06.255742,False
584.10326,True,61,2024-06-20 11:15:06.255742,False
520.71528,False,67,2024-06-20 11:15:06.255742,False
525.15638,False,68,2024-06-20 11:15:06.255742,False
583.82787,False,70,2024-06-20 11:15:06.255742,False
579.83539,False,70,2024-06-20 11:15:06.255742,False
573.35327,True,61,2024-06-20 11:15:06.255742,False
568.81785,True,65,2024-06-20 11:15:06.255742,False
522.25504,False,67,2024-06-20 11:15:06.255742,False
557.87728,False,68,2024-06-20 11:15:06.255742,False
559.48455,False,69,2024-06-20 11:15:06.255742,False
549.21771,False,69,2024-06-20 11:15:06.255742,False
553.05642,False,68,2024-06-20 11:15:06.255742,False
541.39447,False,69,2024-06-20 11:15:06.255742,False
522.23011,False,68,2024-06-20 11:15:06.255742,False
690.21672,True,59,2024-06-20 11:15:06.255742,False
707.86006,True,59,2024-06-20 11:15:06.255742,False
570.50710,False,68,2024-06-20 11:15:06.255742,False
570.06476,False,69,2024-06-20 11:15:06.255742,False
583.45326,True,61,2024-06-20 11:15:06.255742,False
650.95494,True,58,2024-06-20 11:15:06.255742,False
559.12325,False,69,2024-06-20 11:15:06.255742,False
520.29886,False,67,2024-06-20 11:15:06.255742,False
593.54525,True,58,2024-06-20 11:15:06.255742,False
600.05845,True,56,2024-06-20 11:15:06.255742,False
528.02254,False,67,2024-06-20 11:15:06.255742,False
566.05104,False,68,2024-06-20 11:15:06.255742,False
496.82315,False,66,2024-06-20 11:15:06.255742,False
541.10744,False,69,2024-06-20 11:15:06.255742,False
578.53401,False,69,2024-06-20 11:15:06.255742,False
576.19955,False,70,2024-06-20 11:15:06.255742,False
584.06825,True,58,2024-06-20 11:15:06.255742,False
543.40728,False,68,2024-06-20 11:15:06.255742,False
614.40412,False,68,2024-06-20 11:15:06.255742,False
738.28090,False,62,2024-06-20 11:40:22.143455,True
695.30321,False,63,2024-06-20 11:40:22.143455,True
809.38086,False,65,2024-06-20 11:40:22.143455,True
830.58183,False,65,2024-06-20 11:40:22.143455,True
598.13541,False,57,2024-06-20 11:40:22.143455,True
988.30362,True,55,2024-06-20 11:40:22.143455,True
939.55544,True,62,2024-06-20 11:40:22.143455,True
789.04122,False,63,2024-06-20 11:40:22.143455,True
965.03338,True,55,2024-06-20 11:40:22.143455,True
1011.58160,True,54,2024-06-20 11:40:22.143455,True
965.40260,True,56,2024-06-20 11:40:22.143455,True
760.16328,False,64,2024-06-20 11:40:22.143455,True
877.65011,False,64,2024-06-20 11:40:22.143455,True
809.96043,False,64,2024-06-20 11:40:22.143455,True
922.60326,False,65,2024-06-20 11:40:22.143455,True
1054.02268,True,51,2024-06-20 11:40:22.143455,True
1111.10076,True,50,2024-06-20 11:40:22.143455,True
701.09905,False,63,2024-06-20 11:40:22.143455,True
633.36822,False,58,2024-06-20 11:40:22.143455,True
825.43756,False,66,2024-06-20 11:40:22.143455,True
1044.95756,True,53,2024-06-20 11:40:22.143455,True
792.07975,False,65,2024-06-20 11:40:22.143455,True
1065.24461,True,50,2024-06-20 11:40:22.143455,True
782.50355,False,65,2024-06-20 11:40:22.143455,True
1163.19187,True,50,2024-06-20 11:40:22.143455,True
747.28919,False,63,2024-06-20 11:40:22.143455,True
902.32796,False,65,2024-06-20 11:40:22.143455,True
618.76429,False,57,2024-06-20 11:40:22.143455,True
818.98474,False,65,2024-06-20 11:40:22.143455,True
928.52588,False,66,2024-06-20 11:40:22.143455,True
891.08133,False,66,2024-06-20 11:40:22.143455,True
696.76286,False,63,2024-06-20 11:40:22.143455,True
861.78805,False,65,2024-06-20 11:40:22.143455,True
1000.84764,True,54,2024-06-20 11:40:22.143455,True
1027.18431,True,52,2024-06-20 11:40:22.143455,True
671.43473,False,58,2024-06-20 11:40:22.143455,True
858.11701,False,65,2024-06-20 11:40:22.143455,True
1062.38080,True,52,2024-06-20 11:40:22.143455,True
943.57040,True,61,2024-06-20 11:40:22.143455,True
1076.01210,True,52,2024-06-20 11:40:22.143455,True
916.69065,False,64,2024-06-20 11:40:22.143455,True
975.56081,True,57,2024-06-20 11:40:22.143455,True
1008.07500,True,55,2024-06-20 11:40:22.143455,True
846.68973,False,65,2024-06-20 11:40:22.143455,True
853.39427,False,67,2024-06-20 11:40:22.143455,True
594.24189,False,57,2024-06-20 11:40:22.143455,True
688.71414,False,62,2024-06-20 11:40:22.143455,True
977.18388,True,55,2024-06-20 11:40:22.143455,True
1031.55908,True,53,2024-06-20 11:40:22.143455,True
880.52726,False,66,2024-06-20 11:40:22.143455,True
751.78780,False,64,2024-06-20 11:40:22.143455,True
966.57879,True,56,2024-06-20 11:40:22.143455,True
930.32232,False,65,2024-06-20 11:40:22.143455,True
1188.14296,True,49,2024-06-20 11:40:22.143455,True
748.66218,False,63,2024-06-20 11:40:22.143455,True
936.83839,True,63,2024-06-20 11:40:22.143455,True
592.44462,False,57,2024-06-20 11:40:22.143455,True
522.61172,False,56,2024-06-20 11:40:22.143455,True
928.22606,False,67,2024-06-20 11:40:22.143455,True
824.06590,False,64,2024-06-20 11:40:22.143455,True
920.24417,False,64,2024-06-20 11:40:22.143455,True
621.09241,False,58,2024-06-20 11:40:22.143455,True
790.17752,False,62,2024-06-20 11:40:22.143455,True
836.50695,False,65,2024-06-20 11:40:22.143455,True
602.12208,False,58,2024-06-20 11:40:22.143455,True
971.30316,True,57,2024-06-20 11:40:22.143455,True
815.64562,False,65,2024-06-20 11:40:22.143455,True
1001.40536,True,55,2024-06-20 11:40:22.143455,True
962.32169,True,56,2024-06-20 11:40:22.143455,True
975.80492,True,55,2024-06-20 11:40:22.143455,True
920.85530,False,64,2024-06-20 11:40:22.143455,True
1062.54784,True,51,2024-06-20 11:40:22.143455,True
996.59373,True,54,2024-06-20 11:40:22.143455,True
823.47432,False,64,2024-06-20 11:40:22.143455,True
860.92783,False,65,2024-06-20 11:40:22.143455,True
857.86946,False,65,2024-06-20 11:40:22.143455,True
712.45273,False,62,2024-06-20 11:40:22.143455,True
835.79872,False,64,2024-06-20 11:40:22.143455,True
798.40273,False,64,2024-06-20 11:40:22.143455,True
977.30881,True,55,2024-06-20 11:40:22.143455,True
969.73120,True,59,2024-06-20 11:40:22.143455,True
882.45140,False,64,2024-06-20 11:40:22.143455,True
787.86525,False,63,2024-06-20 11:40:22.143455,True
1033.36420,True,53,2024-06-20 11:40:22.143455,True
843.26819,False,65,2024-06-20 11:40:22.143455,True
845.28159,False,64,2024-06-20 11:40:22.143455,True
933.24176,False,65,2024-06-20 11:40:22.143455,True
721.40146,False,63,2024-06-20 11:40:22.143455,True
589.37526,False,57,2024-06-20 11:40:22.143455,True
955.10667,True,56,2024-06-20 11:40:22.143455,True
922.36111,False,67,2024-06-20 11:40:22.143455,True
1034.17401,True,52,2024-06-20 11:40:22.143455,True
888.54952,False,64,2024-06-20 11:40:22.143455,True
947.76130,True,60,2024-06-20 11:40:22.143455,True
898.18358,False,64,2024-06-20 11:40:22.143455,True
1011.11486,True,53,2024-06-20 11:40:22.143455,True
964.59002,True,57,2024-06-20 11:40:22.143455,True
969.77014,True,55,2024-06-20 11:40:22.143455,True
705.64810,False,60,2024-06-20 11:40:22.143455,True
704.51764,False,59,2024-06-20 11:40:22.143455,True
554.17648,False,69,2024-06-20 12:11:32.745174,False
493.36393,False,64,2024-06-20 12:11:32.745174,False
539.81424,False,66,2024-06-20 12:11:32.745174,False
590.41046,False,69,2024-06-20 12:11:32.745174,False
614.32798,False,71,2024-06-20 12:11:32.745174,False
616.71314,False,71,2024-06-20 12:11:32.745174,False
564.31839,False,69,2024-06-20 12:11:32.745174,False
560.80020,False,69,2024-06-20 12:11:32.745174,False
638.07925,False,70,2024-06-20 12:11:32.745174,False
569.37743,True,64,2024-06-20 12:11:32.745174,False
567.76927,True,65,2024-06-20 12:11:32.745174,False
598.41654,False,70,2024-06-20 12:11:32.745174,False
653.82205,True,56,2024-06-20 12:11:32.745174,False
635.55036,True,54,2024-06-20 12:11:32.745174,False
629.28910,True,68,2024-06-20 12:11:32.745174,False
619.84518,False,70,2024-06-20 12:11:32.745174,False
613.88093,True,55,2024-06-20 12:11:32.745174,False
439.90521,False,62,2024-06-20 12:11:32.745174,False
595.60299,False,70,2024-06-20 12:11:32.745174,False
524.77049,False,67,2024-06-20 12:11:32.745174,False
579.72345,False,69,2024-06-20 12:11:32.745174,False
589.62165,True,61,2024-06-20 12:11:32.745174,False
628.95125,True,63,2024-06-20 12:11:32.745174,False
537.47107,False,67,2024-06-20 12:11:32.745174,False
546.49874,False,68,2024-06-20 12:11:32.745174,False
621.78602,True,62,2024-06-20 12:11:32.745174,False
538.84503,False,68,2024-06-20 12:11:32.745174,False
537.33290,False,67,2024-06-20 12:11:32.745174,False
489.06292,False,66,2024-06-20 12:11:32.745174,False
545.36083,False,68,2024-06-20 12:11:32.745174,False
589.30877,False,70,2024-06-20 12:11:32.745174,False
503.03446,False,67,2024-06-20 12:11:32.745174,False
642.44311,False,70,2024-06-20 12:11:32.745174,False
584.24052,False,68,2024-06-20 12:11:32.745174,False
548.44306,False,67,2024-06-20 12:11:32.745174,False
633.24766,False,71,2024-06-20 12:11:32.745174,False
663.51551,True,55,2024-06-20 12:11:32.745174,False
486.78715,False,65,2024-06-20 12:11:32.745174,False
649.18015,False,71,2024-06-20 12:11:32.745174,False
656.50731,True,58,2024-06-20 12:11:32.745174,False
507.71486,False,66,2024-06-20 12:11:32.745174,False
595.22001,False,69,2024-06-20 12:11:32.745174,False
569.92269,False,68,2024-06-20 12:11:32.745174,False
529.03178,False,68,2024-06-20 12:11:32.745174,False
568.56057,False,68,2024-06-20 12:11:32.745174,False
585.82709,False,70,2024-06-20 12:11:32.745174,False
621.80409,True,68,2024-06-20 12:11:32.745174,False
527.28649,False,68,2024-06-20 12:11:32.745174,False
656.72820,True,59,2024-06-20 12:11:32.745174,False
563.87133,False,69,2024-06-20 12:11:32.745174,False
582.69736,True,60,2024-06-20 12:11:32.745174,False
571.95334,False,69,2024-06-20 12:11:32.745174,False
631.31318,True,60,2024-06-20 12:11:32.745174,False
546.85752,False,68,2024-06-20 12:11:32.745174,False
601.40515,False,68,2024-06-20 12:11:32.745174,False
573.52222,False,68,2024-06-20 12:11:32.745174,False
545.47302,False,68,2024-06-20 12:11:32.745174,False
577.21950,False,69,2024-06-20 12:11:32.745174,False
525.68942,False,68,2024-06-20 12:11:32.745174,False
654.73873,False,72,2024-06-20 12:11:32.745174,False
664.60827,True,60,2024-06-20 12:11:32.745174,False
592.01441,False,70,2024-06-20 12:11:32.745174,False
661.43104,False,71,2024-06-20 12:11:32.745174,False
504.23150,False,67,2024-06-20 12:11:32.745174,False
549.52302,False,68,2024-06-20 12:11:32.745174,False
620.20273,True,62,2024-06-20 12:11:32.745174,False
586.63983,False,69,2024-06-20 12:11:32.745174,False
632.17814,False,71,2024-06-20 12:11:32.745174,False
555.16508,False,68,2024-06-20 12:11:32.745174,False
528.82930,False,67,2024-06-20 12:11:32.745174,False
621.62191,False,70,2024-06-20 12:11:32.745174,False
487.02739,False,65,2024-06-20 12:11:32.745174,False
526.97128,False,67,2024-06-20 12:11:32.745174,False
543.41820,False,66,2024-06-20 12:11:32.745174,False
488.49431,False,67,2024-06-20 12:11:32.745174,False
731.78274,True,54,2024-06-20 12:11:32.745174,False
643.72279,True,57,2024-06-20 12:11:32.745174,False
546.31237,False,67,2024-06-20 12:11:32.745174,False
639.40984,True,57,2024-06-20 12:11:32.745174,False
508.85806,False,67,2024-06-20 12:11:32.745174,False
618.60602,True,62,2024-06-20 12:11:32.745174,False
489.81462,False,65,2024-06-20 12:11:32.745174,False
592.41813,False,70,2024-06-20 12:11:32.745174,False
531.14442,False,67,2024-06-20 12:11:32.745174,False
527.43096,False,67,2024-06-20 12:11:32.745174,False
636.48872,True,60,2024-06-20 12:11:32.745174,False
545.71743,False,68,2024-06-20 12:11:32.745174,False
565.77506,False,69,2024-06-20 12:11:32.745174,False
606.30016,False,69,2024-06-20 12:11:32.745174,False
568.34489,False,69,2024-06-20 12:11:32.745174,False
599.35250,False,69,2024-06-20 12:11:32.745174,False
513.16295,False,66,2024-06-20 12:11:32.745174,False
563.42101,False,68,2024-06-20 12:11:32.745174,False
694.02316,True,54,2024-06-20 12:11:32.745174,False
591.88959,False,70,2024-06-20 12:11:32.745174,False
553.86841,False,67,2024-06-20 12:11:32.745174,False
527.30489,False,68,2024-06-20 12:11:32.745174,False
644.24338,True,59,2024-06-20 12:11:32.745174,False
620.53559,False,69,2024-06-20 12:11:32.745174,False
479.34895,False,65,2024-06-20 12:11:32.745174,False
793.23966,False,63,2024-06-20 12:37:15.979937,True
829.83932,False,65,2024-06-20 12:37:15.979937,True
981.19617,True,56,2024-06-20 12:37:15.979937,True
919.84516,False,66,2024-06-20 12:37:15.979937,True
777.68711,False,63,2024-06-20 12:37:15.979937,True
829.59473,False,64,2024-06-20 12:37:15.979937,True
785.52423,False,64,2024-06-20 12:37:15.979937,True
1049.13460,True,51,2024-06-20 12:37:15.979937,True
845.53085,False,65,2024-06-20 12:37:15.979937,True
939.99046,True,62,2024-06-20 12:37:15.979937,True
1096.96704,True,50,2024-06-20 12:37:15.979937,True
989.79573,True,56,2024-06-20 12:37:15.979937,True
712.15232,False,63,2024-06-20 12:37:15.979937,True
993.17168,True,55,2024-06-20 12:37:15.979937,True
1028.97040,True,53,2024-06-20 12:37:15.979937,True
836.20742,False,65,2024-06-20 12:37:15.979937,True
615.51753,False,61,2024-06-20 12:37:15.979937,True
1109.63023,True,49,2024-06-20 12:37:15.979937,True
717.42299,False,62,2024-06-20 12:37:15.979937,True
738.79001,False,63,2024-06-20 12:37:15.979937,True
959.80938,True,59,2024-06-20 12:37:15.979937,True
801.73418,False,64,2024-06-20 12:37:15.979937,True
773.38425,False,63,2024-06-20 12:37:15.979937,True
704.33016,False,63,2024-06-20 12:37:15.979937,True
573.51028,False,60,2024-06-20 12:37:15.979937,True
687.65285,False,62,2024-06-20 12:37:15.979937,True
1036.21760,True,53,2024-06-20 12:37:15.979937,True
968.49693,True,57,2024-06-20 12:37:15.979937,True
947.49081,True,60,2024-06-20 12:37:15.979937,True
1012.80009,True,54,2024-06-20 12:37:15.979937,True
884.70730,False,65,2024-06-20 12:37:15.979937,True
970.01884,True,57,2024-06-20 12:37:15.979937,True
976.57411,True,56,2024-06-20 12:37:15.979937,True
731.73710,False,64,2024-06-20 12:37:15.979937,True
924.35959,False,66,2024-06-20 12:37:15.979937,True
696.26553,False,64,2024-06-20 12:37:15.979937,True
885.25348,False,65,2024-06-20 12:37:15.979937,True
778.78854,False,63,2024-06-20 12:37:15.979937,True
861.90814,False,65,2024-06-20 12:37:15.979937,True
905.88488,False,64,2024-06-20 12:37:15.979937,True
995.05480,True,55,2024-06-20 12:37:15.979937,True
1039.47219,True,52,2024-06-20 12:37:15.979937,True
1069.79649,True,51,2024-06-20 12:37:15.979937,True
938.65551,True,62,2024-06-20 12:37:15.979937,True
755.00190,False,63,2024-06-20 12:37:15.979937,True
1019.75372,True,54,2024-06-20 12:37:15.979937,True
766.68718,False,64,2024-06-20 12:37:15.979937,True
960.89133,True,59,2024-06-20 12:37:15.979937,True
919.37474,False,65,2024-06-20 12:37:15.979937,True
742.63106,False,63,2024-06-20 12:37:15.979937,True
756.63840,False,63,2024-06-20 12:37:15.979937,True
684.09962,False,62,2024-06-20 12:37:15.979937,True
880.58778,False,66,2024-06-20 12:37:15.979937,True
659.36463,False,61,2024-06-20 12:37:15.979937,True
934.49760,True,63,2024-06-20 12:37:15.979937,True
886.43696,False,65,2024-06-20 12:37:15.979937,True
995.51822,True,54,2024-06-20 12:37:15.979937,True
657.25080,False,62,2024-06-20 12:37:15.979937,True
1035.74472,True,53,2024-06-20 12:37:15.979937,True
753.60776,False,62,2024-06-20 12:37:15.979937,True
837.26450,False,65,2024-06-20 12:37:15.979937,True
944.30323,True,59,2024-06-20 12:37:15.979937,True
665.88824,False,62,2024-06-20 12:37:15.979937,True
1108.27783,True,51,2024-06-20 12:37:15.979937,True
822.12534,False,64,2024-06-20 12:37:15.979937,True
841.60613,False,65,2024-06-20 12:37:15.979937,True
819.47649,False,65,2024-06-20 12:37:15.979937,True
734.70334,False,63,2024-06-20 12:37:15.979937,True
800.66550,False,64,2024-06-20 12:37:15.979937,True
652.25280,False,62,2024-06-20 12:37:15.979937,True
1047.50965,True,51,2024-06-20 12:37:15.979937,True
824.14337,False,64,2024-06-20 12:37:15.979937,True
798.83095,False,63,2024-06-20 12:37:15.979937,True
806.50759,False,63,2024-06-20 12:37:15.979937,True
905.45050,False,66,2024-06-20 12:37:15.979937,True
968.12642,True,58,2024-06-20 12:37:15.979937,True
977.39767,True,56,2024-06-20 12:37:15.979937,True
795.55673,False,65,2024-06-20 12:37:15.979937,True
788.83191,False,63,2024-06-20 12:37:15.979937,True
953.29148,True,58,2024-06-20 12:37:15.979937,True
747.36018,False,63,2024-06-20 12:37:15.979937,True
991.11327,True,53,2024-06-20 12:37:15.979937,True
793.10105,False,63,2024-06-20 12:37:15.979937,True
1006.88687,True,53,2024-06-20 12:37:15.979937,True
791.98206,False,64,2024-06-20 12:37:15.979937,True
929.82326,False,65,2024-06-20 12:37:15.979937,True
935.47218,True,62,2024-06-20 12:37:15.979937,True
1002.92143,True,54,2024-06-20 12:37:15.979937,True
985.34614,True,56,2024-06-20 12:37:15.979937,True
787.26289,False,64,2024-06-20 12:37:15.979937,True
873.79004,False,65,2024-06-20 12:37:15.979937,True
883.58846,False,66,2024-06-20 12:37:15.979937,True
910.27093,False,66,2024-06-20 12:37:15.979937,True
734.54493,False,63,2024-06-20 12:37:15.979937,True
992.17462,True,55,2024-06-20 12:37:15.979937,True
874.48500,False,65,2024-06-20 12:37:15.979937,True
897.24142,False,66,2024-06-20 12:37:15.979937,True
896.90985,False,66,2024-06-20 12:37:15.979937,True
820.08215,False,64,2024-06-20 12:37:15.979937,True
923.45272,False,65,2024-06-20 12:37:15.979937,True
558.18934,False,68,2024-06-20 13:08:06.198539,False
534.67521,False,67,2024-06-20 13:08:06.198539,False
701.43567,True,56,2024-06-20 13:08:06.198539,False
597.34012,False,69,2024-06-20 13:08:06.198539,False
504.95461,False,68,2024-06-20 13:08:06.198539,False
600.13238,False,70,2024-06-20 13:08:06.198539,False
539.26375,False,67,2024-06-20 13:08:06.198539,False
549.98119,False,68,2024-06-20 13:08:06.198539,False
485.64257,False,66,2024-06-20 13:08:06.198539,False
477.45138,False,66,2024-06-20 13:08:06.198539,False
559.78406,False,70,2024-06-20 13:08:06.198539,False
561.59388,False,69,2024-06-20 13:08:06.198539,False
583.03197,False,69,2024-06-20 13:08:06.198539,False
608.25619,False,71,2024-06-20 13:08:06.198539,False
588.28954,False,69,2024-06-20 13:08:06.198539,False
509.28719,False,68,2024-06-20 13:08:06.198539,False
588.30477,False,69,2024-06-20 13:08:06.198539,False
528.57614,False,68,2024-06-20 13:08:06.198539,False
654.98369,True,61,2024-06-20 13:08:06.198539,False
493.37389,False,66,2024-06-20 13:08:06.198539,False
694.95758,False,69,2024-06-20 13:08:06.198539,False
515.54613,False,67,2024-06-20 13:08:06.198539,False
626.09640,False,68,2024-06-20 13:08:06.198539,False
576.64127,True,62,2024-06-20 13:08:06.198539,False
554.41670,False,67,2024-06-20 13:08:06.198539,False
587.61497,False,69,2024-06-20 13:08:06.198539,False
594.25625,True,57,2024-06-20 13:08:06.198539,False
552.17899,False,68,2024-06-20 13:08:06.198539,False
680.54155,True,55,2024-06-20 13:08:06.198539,False
613.35147,False,70,2024-06-20 13:08:06.198539,False
526.00464,False,67,2024-06-20 13:08:06.198539,False
577.01123,False,69,2024-06-20 13:08:06.198539,False
655.03428,True,60,2024-06-20 13:08:06.198539,False
626.43116,False,68,2024-06-20 13:08:06.198539,False
515.52154,False,68,2024-06-20 13:08:06.198539,False
605.12288,True,59,2024-06-20 13:08:06.198539,False
538.26814,False,69,2024-06-20 13:08:06.198539,False
474.63275,False,65,2024-06-20 13:08:06.198539,False
691.13606,True,64,2024-06-20 13:08:06.198539,False
533.90202,False,68,2024-06-20 13:08:06.198539,False
595.31320,False,70,2024-06-20 13:08:06.198539,False
562.73549,False,68,2024-06-20 13:08:06.198539,False
510.81776,False,68,2024-06-20 13:08:06.198539,False
507.61510,False,67,2024-06-20 13:08:06.198539,False
514.19407,False,66,2024-06-20 13:08:06.198539,False
577.56221,True,63,2024-06-20 13:08:06.198539,False
581.44217,True,61,2024-06-20 13:08:06.198539,False
457.41468,False,64,2024-06-20 13:08:06.198539,False
576.99981,False,67,2024-06-20 13:08:06.198539,False
548.53993,False,69,2024-06-20 13:08:06.198539,False
564.13607,False,70,2024-06-20 13:08:06.198539,False
578.23241,False,67,2024-06-20 13:08:06.198539,False
570.11943,False,66,2024-06-20 13:08:06.198539,False
584.65314,True,62,2024-06-20 13:08:06.198539,False
556.04761,False,69,2024-06-20 13:08:06.198539,False
629.11184,True,65,2024-06-20 13:08:06.198539,False
620.14016,False,68,2024-06-20 13:08:06.198539,False
570.45316,False,68,2024-06-20 13:08:06.198539,False
589.31628,False,67,2024-06-20 13:08:06.198539,False
658.82730,True,58,2024-06-20 13:08:06.198539,False
574.00084,True,68,2024-06-20 13:08:06.198539,False
600.82848,False,69,2024-06-20 13:08:06.198539,False
613.21217,False,72,2024-06-20 13:08:06.198539,False
664.53178,True,59,2024-06-20 13:08:06.198539,False
569.53968,False,69,2024-06-20 13:08:06.198539,False
552.40654,False,69,2024-06-20 13:08:06.198539,False
512.53137,False,67,2024-06-20 13:08:06.198539,False
569.44222,False,69,2024-06-20 13:08:06.198539,False
548.54909,False,68,2024-06-20 13:08:06.198539,False
537.92721,False,67,2024-06-20 13:08:06.198539,False
650.10781,False,71,2024-06-20 13:08:06.198539,False
584.55111,True,59,2024-06-20 13:08:06.198539,False
517.53861,False,66,2024-06-20 13:08:06.198539,False
592.58101,True,58,2024-06-20 13:08:06.198539,False
522.62320,False,67,2024-06-20 13:08:06.198539,False
455.97936,False,63,2024-06-20 13:08:06.198539,False
641.04547,False,70,2024-06-20 13:08:06.198539,False
553.05091,False,69,2024-06-20 13:08:06.198539,False
634.06291,False,69,2024-06-20 13:08:06.198539,False
514.35349,False,67,2024-06-20 13:08:06.198539,False
596.08594,True,58,2024-06-20 13:08:06.198539,False
574.83417,True,65,2024-06-20 13:08:06.198539,False
605.37922,False,70,2024-06-20 13:08:06.198539,False
605.60920,False,70,2024-06-20 13:08:06.198539,False
420.57640,False,61,2024-06-20 13:08:06.198539,False
587.08268,False,71,2024-06-20 13:08:06.198539,False
522.28255,False,67,2024-06-20 13:08:06.198539,False
581.80625,True,61,2024-06-20 13:08:06.198539,False
623.71733,False,72,2024-06-20 13:08:06.198539,False
655.65089,True,58,2024-06-20 13:08:06.198539,False
565.42031,False,70,2024-06-20 13:08:06.198539,False
621.08202,True,61,2024-06-20 13:08:06.198539,False
658.80121,True,58,2024-06-20 13:08:06.198539,False
564.15298,False,69,2024-06-20 13:08:06.198539,False
632.36344,False,70,2024-06-20 13:08:06.198539,False
611.89262,True,64,2024-06-20 13:08:06.198539,False
562.50963,False,70,2024-06-20 13:08:06.198539,False
546.58585,False,67,2024-06-20 13:08:06.198539,False
577.75643,False,69,2024-06-20 13:08:06.198539,False
643.16271,True,61,2024-06-20 13:08:06.198539,False
1068.84414,True,53,2024-06-20 13:34:12.062524,True
924.43889,False,65,2024-06-20 13:34:12.062524,True
681.53434,False,62,2024-06-20 13:34:12.062524,True
880.34160,False,65,2024-06-20 13:34:12.062524,True
846.84097,False,65,2024-06-20 13:34:12.062524,True
909.18264,False,63,2024-06-20 13:34:12.062524,True
939.97072,True,61,2024-06-20 13:34:12.062524,True
950.25503,True,56,2024-06-20 13:34:12.062524,True
853.20015,False,66,2024-06-20 13:34:12.062524,True
884.57432,False,64,2024-06-20 13:34:12.062524,True
860.09494,False,62,2024-06-20 13:34:12.062524,True
961.16195,True,55,2024-06-20 13:34:12.062524,True
883.25731,False,66,2024-06-20 13:34:12.062524,True
907.28194,False,64,2024-06-20 13:34:12.062524,True
913.99226,False,66,2024-06-20 13:34:12.062524,True
933.68813,False,64,2024-06-20 13:34:12.062524,True
844.56903,False,65,2024-06-20 13:34:12.062524,True
1023.73988,True,52,2024-06-20 13:34:12.062524,True
887.68588,False,66,2024-06-20 13:34:12.062524,True
975.18997,True,56,2024-06-20 13:34:12.062524,True
810.64869,False,65,2024-06-20 13:34:12.062524,True
941.19447,True,61,2024-06-20 13:34:12.062524,True
1076.59980,True,50,2024-06-20 13:34:12.062524,True
946.95472,True,58,2024-06-20 13:34:12.062524,True
939.70400,True,61,2024-06-20 13:34:12.062524,True
879.88581,False,64,2024-06-20 13:34:12.062524,True
895.06726,False,63,2024-06-20 13:34:12.062524,True
1297.97537,True,47,2024-06-20 13:34:12.062524,True
875.83623,False,63,2024-06-20 13:34:12.062524,True
944.22965,True,59,2024-06-20 13:34:12.062524,True
888.61411,False,65,2024-06-20 13:34:12.062524,True
985.34566,True,55,2024-06-20 13:34:12.062524,True
945.26745,True,59,2024-06-20 13:34:12.062524,True
861.04168,False,65,2024-06-20 13:34:12.062524,True
796.64864,False,65,2024-06-20 13:34:12.062524,True
848.66912,False,65,2024-06-20 13:34:12.062524,True
896.44853,False,64,2024-06-20 13:34:12.062524,True
941.42687,True,60,2024-06-20 13:34:12.062524,True
1030.21228,True,53,2024-06-20 13:34:12.062524,True
970.57211,True,55,2024-06-20 13:34:12.062524,True
966.43059,True,57,2024-06-20 13:34:12.062524,True
859.30099,False,64,2024-06-20 13:34:12.062524,True
836.81149,False,63,2024-06-20 13:34:12.062524,True
826.38095,False,64,2024-06-20 13:34:12.062524,True
1051.87797,True,53,2024-06-20 13:34:12.062524,True
932.87379,False,65,2024-06-20 13:34:12.062524,True
963.17873,True,58,2024-06-20 13:34:12.062524,True
982.34552,True,56,2024-06-20 13:34:12.062524,True
1045.94738,True,51,2024-06-20 13:34:12.062524,True
962.15540,True,55,2024-06-20 13:34:12.062524,True
808.34178,False,64,2024-06-20 13:34:12.062524,True
974.56736,True,57,2024-06-20 13:34:12.062524,True
1375.57197,True,47,2024-06-20 13:34:12.062524,True
952.13209,True,60,2024-06-20 13:34:12.062524,True
864.92792,False,62,2024-06-20 13:34:12.062524,True
843.90381,False,63,2024-06-20 13:34:12.062524,True
1164.31993,True,48,2024-06-20 13:34:12.062524,True
815.01933,False,62,2024-06-20 13:34:12.062524,True
972.42457,True,57,2024-06-20 13:34:12.062524,True
973.53856,True,56,2024-06-20 13:34:12.062524,True
1098.74427,True,50,2024-06-20 13:34:12.062524,True
914.71101,False,66,2024-06-20 13:34:12.062524,True
1000.78638,True,55,2024-06-20 13:34:12.062524,True
986.78577,True,54,2024-06-20 13:34:12.062524,True
953.08053,True,59,2024-06-20 13:34:12.062524,True
999.75225,True,52,2024-06-20 13:34:12.062524,True
1035.01059,True,52,2024-06-20 13:34:12.062524,True
1059.22418,True,52,2024-06-20 13:34:12.062524,True
885.33103,False,63,2024-06-20 13:34:12.062524,True
930.00294,False,63,2024-06-20 13:34:12.062524,True
955.58183,True,58,2024-06-20 13:34:12.062524,True
1045.71210,True,53,2024-06-20 13:34:12.062524,True
970.01155,True,57,2024-06-20 13:34:12.062524,True
922.99189,False,63,2024-06-20 13:34:12.062524,True
796.00683,False,65,2024-06-20 13:34:12.062524,True
1086.42380,True,51,2024-06-20 13:34:12.062524,True
922.73265,False,62,2024-06-20 13:34:12.062524,True
664.11463,False,62,2024-06-20 13:34:12.062524,True
1020.45451,True,53,2024-06-20 13:34:12.062524,True
972.40221,True,55,2024-06-20 13:34:12.062524,True
872.06572,False,65,2024-06-20 13:34:12.062524,True
879.00649,False,64,2024-06-20 13:34:12.062524,True
1007.14195,True,53,2024-06-20 13:34:12.062524,True
870.76705,False,64,2024-06-20 13:34:12.062524,True
957.83548,True,60,2024-06-20 13:34:12.062524,True
988.84148,True,55,2024-06-20 13:34:12.062524,True
1055.01331,True,52,2024-06-20 13:34:12.062524,True
950.82247,True,58,2024-06-20 13:34:12.062524,True
1064.22496,True,50,2024-06-20 13:34:12.062524,True
916.84556,False,66,2024-06-20 13:34:12.062524,True
978.03309,True,57,2024-06-20 13:34:12.062524,True
1058.81698,True,53,2024-06-20 13:34:12.062524,True
918.73514,False,64,2024-06-20 13:34:12.062524,True
864.70393,False,64,2024-06-20 13:34:12.062524,True
973.65999,True,56,2024-06-20 13:34:12.062524,True
895.06656,False,65,2024-06-20 13:34:12.062524,True
1141.50370,True,50,2024-06-20 13:34:12.062524,True
815.59898,False,65,2024-06-20 13:34:12.062524,True
859.64772,False,65,2024-06-20 13:34:12.062524,True
993.62122,True,53,2024-06-20 13:34:12.062524,True
685.66332,True,54,2024-06-20 14:04:28.937996,False
524.23735,False,67,2024-06-20 14:04:28.937996,False
544.87485,False,69,2024-06-20 14:04:28.937996,False
568.10386,False,69,2024-06-20 14:04:28.937996,False
748.15588,True,54,2024-06-20 14:04:28.937996,False
621.49902,False,70,2024-06-20 14:04:28.937996,False
549.46907,False,67,2024-06-20 14:04:28.937996,False
613.35848,False,70,2024-06-20 14:04:28.937996,False
585.01709,False,70,2024-06-20 14:04:28.937996,False
587.66477,False,69,2024-06-20 14:04:28.937996,False
574.63378,False,68,2024-06-20 14:04:28.937996,False
571.68227,True,66,2024-06-20 14:04:28.937996,False
475.76393,False,66,2024-06-20 14:04:28.937996,False
492.65773,False,65,2024-06-20 14:04:28.937996,False
589.93761,False,69,2024-06-20 14:04:28.937996,False
577.31736,False,68,2024-06-20 14:04:28.937996,False
679.87961,True,50,2024-06-20 14:04:28.937996,False
560.08340,False,68,2024-06-20 14:04:28.937996,False
602.22247,True,58,2024-06-20 14:04:28.937996,False
522.91987,False,66,2024-06-20 14:04:28.937996,False
506.88000,False,66,2024-06-20 14:04:28.937996,False
615.29668,True,57,2024-06-20 14:04:28.937996,False
522.45112,False,67,2024-06-20 14:04:28.937996,False
522.27951,False,66,2024-06-20 14:04:28.937996,False
508.97885,False,66,2024-06-20 14:04:28.937996,False
500.04738,False,66,2024-06-20 14:04:28.937996,False
611.23913,True,66,2024-06-20 14:04:28.937996,False
645.03169,True,64,2024-06-20 14:04:28.937996,False
468.77469,False,63,2024-06-20 14:04:28.937996,False
585.25395,True,60,2024-06-20 14:04:28.937996,False
591.81372,True,59,2024-06-20 14:04:28.937996,False
575.03389,False,69,2024-06-20 14:04:28.937996,False
602.58739,False,70,2024-06-20 14:04:28.937996,False
594.24263,False,69,2024-06-20 14:04:28.937996,False
553.73186,False,69,2024-06-20 14:04:28.937996,False
548.03156,False,69,2024-06-20 14:04:28.937996,False
607.07393,False,68,2024-06-20 14:04:28.937996,False
603.23941,False,70,2024-06-20 14:04:28.937996,False
726.70752,True,54,2024-06-20 14:04:28.937996,False
610.03437,False,71,2024-06-20 14:04:28.937996,False
539.38654,False,68,2024-06-20 14:04:28.937996,False
544.10846,False,69,2024-06-20 14:04:28.937996,False
604.63631,True,58,2024-06-20 14:04:28.937996,False
556.25968,False,67,2024-06-20 14:04:28.937996,False
669.11332,True,54,2024-06-20 14:04:28.937996,False
627.87511,True,61,2024-06-20 14:04:28.937996,False
575.83634,False,70,2024-06-20 14:04:28.937996,False
533.49171,False,67,2024-06-20 14:04:28.937996,False
604.07972,False,69,2024-06-20 14:04:28.937996,False
524.70215,False,67,2024-06-20 14:04:28.937996,False
635.87754,True,60,2024-06-20 14:04:28.937996,False
526.44758,False,67,2024-06-20 14:04:28.937996,False
477.84285,False,66,2024-06-20 14:04:28.937996,False
624.23041,False,69,2024-06-20 14:04:28.937996,False
529.99411,False,66,2024-06-20 14:04:28.937996,False
558.91947,False,70,2024-06-20 14:04:28.937996,False
571.60823,False,68,2024-06-20 14:04:28.937996,False
610.35160,False,70,2024-06-20 14:04:28.937996,False
516.38303,False,66,2024-06-20 14:04:28.937996,False
519.00838,False,67,2024-06-20 14:04:28.937996,False
578.12788,False,70,2024-06-20 14:04:28.937996,False
542.29575,False,67,2024-06-20 14:04:28.937996,False
533.33300,False,68,2024-06-20 14:04:28.937996,False
592.92764,True,57,2024-06-20 14:04:28.937996,False
648.47389,True,56,2024-06-20 14:04:28.937996,False
596.45227,True,57,2024-06-20 14:04:28.937996,False
627.85587,True,56,2024-06-20 14:04:28.937996,False
590.15618,False,71,2024-06-20 14:04:28.937996,False
670.72170,True,57,2024-06-20 14:04:28.937996,False
462.80172,False,66,2024-06-20 14:04:28.937996,False
557.83782,False,68,2024-06-20 14:04:28.937996,False
607.04551,True,58,2024-06-20 14:04:28.937996,False
628.27124,True,59,2024-06-20 14:04:28.937996,False
424.37272,False,62,2024-06-20 14:04:28.937996,False
571.00196,False,69,2024-06-20 14:04:28.937996,False
615.37922,True,57,2024-06-20 14:04:28.937996,False
651.58122,True,60,2024-06-20 14:04:28.937996,False
580.36044,False,70,2024-06-20 14:04:28.937996,False
638.21919,True,62,2024-06-20 14:04:28.937996,False
563.88462,False,69,2024-06-20 14:04:28.937996,False
606.20118,False,70,2024-06-20 14:04:28.937996,False
545.76602,False,68,2024-06-20 14:04:28.937996,False
591.00624,True,64,2024-06-20 14:04:28.937996,False
537.09517,False,67,2024-06-20 14:04:28.937996,False
655.63239,True,55,2024-06-20 14:04:28.937996,False
551.89793,False,68,2024-06-20 14:04:28.937996,False
606.03916,False,70,2024-06-20 14:04:28.937996,False
553.79588,False,68,2024-06-20 14:04:28.937996,False
611.36383,True,67,2024-06-20 14:04:28.937996,False
610.62657,False,70,2024-06-20 14:04:28.937996,False
596.39435,False,69,2024-06-20 14:04:28.937996,False
572.59016,True,61,2024-06-20 14:04:28.937996,False
563.55366,False,69,2024-06-20 14:04:28.937996,False
573.71561,False,69,2024-06-20 14:04:28.937996,False
652.85876,True,53,2024-06-20 14:04:28.937996,False
657.40296,True,64,2024-06-20 14:04:28.937996,False
503.28306,False,67,2024-06-20 14:04:28.937996,False
503.08747,False,67,2024-06-20 14:04:28.937996,False
727.78051,True,51,2024-06-20 14:04:28.937996,False
567.75737,False,70,2024-06-20 14:04:28.937996,False
991.05167,True,55,2024-06-20 14:30:06.786776,True
858.80582,False,64,2024-06-20 14:30:06.786776,True
989.23938,True,55,2024-06-20 14:30:06.786776,True
964.83280,True,57,2024-06-20 14:30:06.786776,True
855.66573,False,66,2024-06-20 14:30:06.786776,True
914.78888,False,65,2024-06-20 14:30:06.786776,True
996.77972,True,54,2024-06-20 14:30:06.786776,True
945.33376,True,60,2024-06-20 14:30:06.786776,True
869.66128,False,63,2024-06-20 14:30:06.786776,True
1106.02533,True,48,2024-06-20 14:30:06.786776,True
1010.16372,True,53,2024-06-20 14:30:06.786776,True
972.43159,True,57,2024-06-20 14:30:06.786776,True
841.37781,False,64,2024-06-20 14:30:06.786776,True
871.03524,False,65,2024-06-20 14:30:06.786776,True
1094.43765,True,49,2024-06-20 14:30:06.786776,True
1017.62221,True,53,2024-06-20 14:30:06.786776,True
1025.74469,True,53,2024-06-20 14:30:06.786776,True
1047.09412,True,52,2024-06-20 14:30:06.786776,True
1036.60680,True,52,2024-06-20 14:30:06.786776,True
838.81003,False,63,2024-06-20 14:30:06.786776,True
1031.40594,True,51,2024-06-20 14:30:06.786776,True
999.20042,True,53,2024-06-20 14:30:06.786776,True
1003.70724,True,53,2024-06-20 14:30:06.786776,True
999.15806,True,54,2024-06-20 14:30:06.786776,True
917.50539,False,63,2024-06-20 14:30:06.786776,True
938.70496,True,64,2024-06-20 14:30:06.786776,True
873.89829,False,65,2024-06-20 14:30:06.786776,True
835.32186,False,64,2024-06-20 14:30:06.786776,True
1014.83246,True,54,2024-06-20 14:30:06.786776,True
920.92428,False,64,2024-06-20 14:30:06.786776,True
1074.07614,True,51,2024-06-20 14:30:06.786776,True
738.00592,False,64,2024-06-20 14:30:06.786776,True
874.87846,False,65,2024-06-20 14:30:06.786776,True
802.24523,False,63,2024-06-20 14:30:06.786776,True
968.35001,True,58,2024-06-20 14:30:06.786776,True
901.69498,False,65,2024-06-20 14:30:06.786776,True
1049.75081,True,52,2024-06-20 14:30:06.786776,True
783.18927,False,62,2024-06-20 14:30:06.786776,True
1110.44314,True,50,2024-06-20 14:30:06.786776,True
938.34788,True,63,2024-06-20 14:30:06.786776,True
883.81014,False,63,2024-06-20 14:30:06.786776,True
926.46797,False,65,2024-06-20 14:30:06.786776,True
945.27632,True,59,2024-06-20 14:30:06.786776,True
1154.92845,True,47,2024-06-20 14:30:06.786776,True
888.67037,False,64,2024-06-20 14:30:06.786776,True
1083.15965,True,48,2024-06-20 14:30:06.786776,True
1053.53221,True,51,2024-06-20 14:30:06.786776,True
839.80677,False,62,2024-06-20 14:30:06.786776,True
853.65344,False,62,2024-06-20 14:30:06.786776,True
1021.36275,True,53,2024-06-20 14:30:06.786776,True
929.99029,False,65,2024-06-20 14:30:06.786776,True
1024.25765,True,53,2024-06-20 14:30:06.786776,True
1097.38419,True,50,2024-06-20 14:30:06.786776,True
971.93920,True,56,2024-06-20 14:30:06.786776,True
881.85431,False,63,2024-06-20 14:30:06.786776,True
1092.24455,True,50,2024-06-20 14:30:06.786776,True
956.00050,True,57,2024-06-20 14:30:06.786776,True
833.57901,False,62,2024-06-20 14:30:06.786776,True
977.12351,True,55,2024-06-20 14:30:06.786776,True
810.30104,False,64,2024-06-20 14:30:06.786776,True
870.62753,False,64,2024-06-20 14:30:06.786776,True
1043.03616,True,51,2024-06-20 14:30:06.786776,True
986.74151,True,53,2024-06-20 14:30:06.786776,True
806.18800,False,65,2024-06-20 14:30:06.786776,True
885.76844,False,65,2024-06-20 14:30:06.786776,True
997.35018,True,54,2024-06-20 14:30:06.786776,True
870.74916,False,65,2024-06-20 14:30:06.786776,True
1028.35660,True,53,2024-06-20 14:30:06.786776,True
1039.11199,True,52,2024-06-20 14:30:06.786776,True
972.19539,True,57,2024-06-20 14:30:06.786776,True
908.92662,False,65,2024-06-20 14:30:06.786776,True
981.56830,True,56,2024-06-20 14:30:06.786776,True
927.69241,False,63,2024-06-20 14:30:06.786776,True
1097.67109,True,49,2024-06-20 14:30:06.786776,True
921.32908,False,66,2024-06-20 14:30:06.786776,True
1029.00154,True,52,2024-06-20 14:30:06.786776,True
930.40055,False,66,2024-06-20 14:30:06.786776,True
1099.11248,True,50,2024-06-20 14:30:06.786776,True
886.84579,False,63,2024-06-20 14:30:06.786776,True
948.68959,True,59,2024-06-20 14:30:06.786776,True
908.81565,False,64,2024-06-20 14:30:06.786776,True
1038.88764,True,52,2024-06-20 14:30:06.786776,True
924.01050,False,65,2024-06-20 14:30:06.786776,True
829.27350,False,63,2024-06-20 14:30:06.786776,True
800.10963,False,62,2024-06-20 14:30:06.786776,True
916.28989,False,65,2024-06-20 14:30:06.786776,True
1109.03046,True,50,2024-06-20 14:30:06.786776,True
976.69206,True,56,2024-06-20 14:30:06.786776,True
923.47047,False,67,2024-06-20 14:30:06.786776,True
955.96206,True,58,2024-06-20 14:30:06.786776,True
513.66014,False,57,2024-06-20 14:30:06.786776,True
971.46237,True,57,2024-06-20 14:30:06.786776,True
1024.13353,True,52,2024-06-20 14:30:06.786776,True
890.79257,False,66,2024-06-20 14:30:06.786776,True
897.50599,False,64,2024-06-20 14:30:06.786776,True
917.70207,False,66,2024-06-20 14:30:06.786776,True
944.74625,True,61,2024-06-20 14:30:06.786776,True
930.26327,False,64,2024-06-20 14:30:06.786776,True
857.66155,False,63,2024-06-20 14:30:06.786776,True
1057.71998,True,51,2024-06-20 14:30:06.786776,True
489.07384,False,66,2024-06-20 15:02:26.557261,False
615.08923,False,71,2024-06-20 15:02:26.557261,False
598.65309,False,68,2024-06-20 15:02:26.557261,False
692.83379,True,59,2024-06-20 15:02:26.557261,False
618.49699,True,57,2024-06-20 15:02:26.557261,False
568.73563,False,68,2024-06-20 15:02:26.557261,False
542.65503,False,69,2024-06-20 15:02:26.557261,False
601.72745,False,68,2024-06-20 15:02:26.557261,False
587.77209,False,70,2024-06-20 15:02:26.557261,False
570.80413,False,69,2024-06-20 15:02:26.557261,False
669.76221,True,60,2024-06-20 15:02:26.557261,False
628.67049,True,70,2024-06-20 15:02:26.557261,False
717.77319,True,55,2024-06-20 15:02:26.557261,False
565.51192,False,69,2024-06-20 15:02:26.557261,False
599.99709,False,70,2024-06-20 15:02:26.557261,False
638.09577,True,52,2024-06-20 15:02:26.557261,False
612.42890,False,69,2024-06-20 15:02:26.557261,False
524.58248,False,67,2024-06-20 15:02:26.557261,False
511.75089,False,67,2024-06-20 15:02:26.557261,False
570.39084,False,69,2024-06-20 15:02:26.557261,False
676.30424,True,58,2024-06-20 15:02:26.557261,False
586.16943,True,58,2024-06-20 15:02:26.557261,False
534.72385,False,67,2024-06-20 15:02:26.557261,False
568.74858,False,67,2024-06-20 15:02:26.557261,False
529.01753,False,68,2024-06-20 15:02:26.557261,False
586.84428,False,69,2024-06-20 15:02:26.557261,False
499.95436,False,67,2024-06-20 15:02:26.557261,False
579.54867,True,64,2024-06-20 15:02:26.557261,False
571.37466,False,69,2024-06-20 15:02:26.557261,False
586.42940,False,69,2024-06-20 15:02:26.557261,False
512.40873,False,67,2024-06-20 15:02:26.557261,False
575.04200,False,69,2024-06-20 15:02:26.557261,False
648.31394,False,70,2024-06-20 15:02:26.557261,False
599.54128,False,69,2024-06-20 15:02:26.557261,False
588.78934,True,57,2024-06-20 15:02:26.557261,False
558.09354,False,69,2024-06-20 15:02:26.557261,False
641.53146,True,54,2024-06-20 15:02:26.557261,False
570.07024,False,69,2024-06-20 15:02:26.557261,False
613.75709,True,54,2024-06-20 15:02:26.557261,False
506.03148,False,67,2024-06-20 15:02:26.557261,False
552.88317,False,68,2024-06-20 15:02:26.557261,False
642.51359,True,63,2024-06-20 15:02:26.557261,False
549.62066,False,68,2024-06-20 15:02:26.557261,False
608.83190,True,56,2024-06-20 15:02:26.557261,False
528.57471,False,66,2024-06-20 15:02:26.557261,False
599.20851,False,69,2024-06-20 15:02:26.557261,False
536.30226,False,68,2024-06-20 15:02:26.557261,False
682.07127,True,60,2024-06-20 15:02:26.557261,False
567.63045,False,70,2024-06-20 15:02:26.557261,False
496.14559,False,66,2024-06-20 15:02:26.557261,False
644.45821,False,71,2024-06-20 15:02:26.557261,False
600.73803,False,67,2024-06-20 15:02:26.557261,False
554.02197,False,68,2024-06-20 15:02:26.557261,False
504.23139,False,67,2024-06-20 15:02:26.557261,False
541.00375,False,68,2024-06-20 15:02:26.557261,False
502.38619,False,66,2024-06-20 15:02:26.557261,False
502.49168,False,66,2024-06-20 15:02:26.557261,False
591.27515,False,69,2024-06-20 15:02:26.557261,False
605.56483,False,68,2024-06-20 15:02:26.557261,False
519.92864,False,68,2024-06-20 15:02:26.557261,False
578.86432,False,69,2024-06-20 15:02:26.557261,False
627.18678,False,70,2024-06-20 15:02:26.557261,False
615.99353,False,70,2024-06-20 15:02:26.557261,False
576.21779,False,69,2024-06-20 15:02:26.557261,False
646.22584,False,71,2024-06-20 15:02:26.557261,False
592.56105,False,70,2024-06-20 15:02:26.557261,False
587.03219,True,57,2024-06-20 15:02:26.557261,False
651.62718,False,70,2024-06-20 15:02:26.557261,False
562.35455,False,69,2024-06-20 15:02:26.557261,False
540.25106,False,68,2024-06-20 15:02:26.557261,False
555.17962,False,67,2024-06-20 15:02:26.557261,False
572.27437,True,62,2024-06-20 15:02:26.557261,False
500.47640,False,67,2024-06-20 15:02:26.557261,False
606.28212,True,66,2024-06-20 15:02:26.557261,False
458.95230,False,63,2024-06-20 15:02:26.557261,False
712.17755,True,54,2024-06-20 15:02:26.557261,False
561.04770,False,69,2024-06-20 15:02:26.557261,False
592.51864,True,57,2024-06-20 15:02:26.557261,False
565.86226,False,67,2024-06-20 15:02:26.557261,False
573.77977,False,69,2024-06-20 15:02:26.557261,False
558.68365,False,70,2024-06-20 15:02:26.557261,False
681.73577,True,55,2024-06-20 15:02:26.557261,False
587.81759,True,57,2024-06-20 15:02:26.557261,False
564.17010,False,68,2024-06-20 15:02:26.557261,False
653.90723,True,56,2024-06-20 15:02:26.557261,False
492.99858,False,65,2024-06-20 15:02:26.557261,False
527.91215,False,67,2024-06-20 15:02:26.557261,False
572.69736,False,70,2024-06-20 15:02:26.557261,False
653.88600,False,70,2024-06-20 15:02:26.557261,False
526.28129,False,67,2024-06-20 15:02:26.557261,False
637.13665,True,58,2024-06-20 15:02:26.557261,False
518.98390,False,66,2024-06-20 15:02:26.557261,False
619.13434,True,53,2024-06-20 15:02:26.557261,False
556.16441,False,69,2024-06-20 15:02:26.557261,False
639.47620,False,70,2024-06-20 15:02:26.557261,False
621.17290,False,71,2024-06-20 15:02:26.557261,False
549.88482,False,69,2024-06-20 15:02:26.557261,False
572.72116,True,61,2024-06-20 15:02:26.557261,False
527.45146,False,69,2024-06-20 15:02:26.557261,False
617.01857,False,70,2024-06-20 15:02:26.557261,False
863.39631,False,66,2024-06-20 15:27:46.819299,True
747.92724,False,63,2024-06-20 15:27:46.819299,True
629.72222,False,61,2024-06-20 15:27:46.819299,True
680.46404,False,62,2024-06-20 15:27:46.819299,True
1147.45546,True,48,2024-06-20 15:27:46.819299,True
767.43301,False,64,2024-06-20 15:27:46.819299,True
889.20651,False,65,2024-06-20 15:27:46.819299,True
953.37475,True,58,2024-06-20 15:27:46.819299,True
781.17329,False,63,2024-06-20 15:27:46.819299,True
973.67615,True,57,2024-06-20 15:27:46.819299,True
738.62531,False,63,2024-06-20 15:27:46.819299,True
928.52482,False,65,2024-06-20 15:27:46.819299,True
932.56949,False,66,2024-06-20 15:27:46.819299,True
839.99344,False,64,2024-06-20 15:27:46.819299,True
789.54358,False,64,2024-06-20 15:27:46.819299,True
1084.16743,True,51,2024-06-20 15:27:46.819299,True
633.83638,False,60,2024-06-20 15:27:46.819299,True
911.45486,False,66,2024-06-20 15:27:46.819299,True
921.83259,False,64,2024-06-20 15:27:46.819299,True
902.39325,False,65,2024-06-20 15:27:46.819299,True
612.81396,False,61,2024-06-20 15:27:46.819299,True
855.03854,False,66,2024-06-20 15:27:46.819299,True
1106.06248,True,50,2024-06-20 15:27:46.819299,True
800.26538,False,64,2024-06-20 15:27:46.819299,True
964.25972,True,58,2024-06-20 15:27:46.819299,True
794.56521,False,63,2024-06-20 15:27:46.819299,True
979.48828,True,57,2024-06-20 15:27:46.819299,True
709.03954,False,63,2024-06-20 15:27:46.819299,True
748.35681,False,63,2024-06-20 15:27:46.819299,True
827.13967,False,64,2024-06-20 15:27:46.819299,True
1117.02174,True,50,2024-06-20 15:27:46.819299,True
1050.86868,True,51,2024-06-20 15:27:46.819299,True
964.29741,True,58,2024-06-20 15:27:46.819299,True
1049.21947,True,53,2024-06-20 15:27:46.819299,True
970.95760,True,58,2024-06-20 15:27:46.819299,True
804.67584,False,64,2024-06-20 15:27:46.819299,True
769.69468,False,64,2024-06-20 15:27:46.819299,True
936.40080,True,63,2024-06-20 15:27:46.819299,True
990.66555,True,54,2024-06-20 15:27:46.819299,True
1049.04579,True,51,2024-06-20 15:27:46.819299,True
757.10502,False,64,2024-06-20 15:27:46.819299,True
811.32207,False,64,2024-06-20 15:27:46.819299,True
824.01275,False,64,2024-06-20 15:27:46.819299,True
764.29142,False,64,2024-06-20 15:27:46.819299,True
827.76054,False,65,2024-06-20 15:27:46.819299,True
919.15848,False,65,2024-06-20 15:27:46.819299,True
1037.01155,True,53,2024-06-20 15:27:46.819299,True
998.96443,True,55,2024-06-20 15:27:46.819299,True
1018.77880,True,54,2024-06-20 15:27:46.819299,True
689.32501,False,62,2024-06-20 15:27:46.819299,True
907.00425,False,64,2024-06-20 15:27:46.819299,True
742.01070,False,63,2024-06-20 15:27:46.819299,True
1028.58149,True,54,2024-06-20 15:27:46.819299,True
911.28017,False,66,2024-06-20 15:27:46.819299,True
832.87814,False,64,2024-06-20 15:27:46.819299,True
791.29393,False,64,2024-06-20 15:27:46.819299,True
833.58346,False,65,2024-06-20 15:27:46.819299,True
823.21151,False,63,2024-06-20 15:27:46.819299,True
807.45886,False,64,2024-06-20 15:27:46.819299,True
1011.55327,True,54,2024-06-20 15:27:46.819299,True
988.69004,True,55,2024-06-20 15:27:46.819299,True
703.04495,False,62,2024-06-20 15:27:46.819299,True
810.18775,False,64,2024-06-20 15:27:46.819299,True
780.65859,False,64,2024-06-20 15:27:46.819299,True
775.20127,False,63,2024-06-20 15:27:46.819299,True
802.01215,False,65,2024-06-20 15:27:46.819299,True
926.57593,False,66,2024-06-20 15:27:46.819299,True
795.57002,False,63,2024-06-20 15:27:46.819299,True
868.77925,False,66,2024-06-20 15:27:46.819299,True
1073.33777,True,51,2024-06-20 15:27:46.819299,True
1085.03400,True,49,2024-06-20 15:27:46.819299,True
703.34458,False,62,2024-06-20 15:27:46.819299,True
895.84702,False,65,2024-06-20 15:27:46.819299,True
948.33855,True,59,2024-06-20 15:27:46.819299,True
979.35937,True,55,2024-06-20 15:27:46.819299,True
961.90026,True,58,2024-06-20 15:27:46.819299,True
872.66552,False,65,2024-06-20 15:27:46.819299,True
777.62168,False,63,2024-06-20 15:27:46.819299,True
991.62346,True,55,2024-06-20 15:27:46.819299,True
747.67179,False,63,2024-06-20 15:27:46.819299,True
773.06652,False,63,2024-06-20 15:27:46.819299,True
926.18828,False,66,2024-06-20 15:27:46.819299,True
1073.67209,True,51,2024-06-20 15:27:46.819299,True
893.32277,False,66,2024-06-20 15:27:46.819299,True
904.54823,False,65,2024-06-20 15:27:46.819299,True
766.99910,False,64,2024-06-20 15:27:46.819299,True
958.06373,True,58,2024-06-20 15:27:46.819299,True
887.03882,False,66,2024-06-20 15:27:46.819299,True
756.38032,False,63,2024-06-20 15:27:46.819299,True
963.35495,True,57,2024-06-20 15:27:46.819299,True
963.26519,True,58,2024-06-20 15:27:46.819299,True
859.13955,False,65,2024-06-20 15:27:46.819299,True
665.67986,False,62,2024-06-20 15:27:46.819299,True
816.82125,False,64,2024-06-20 15:27:46.819299,True
790.29517,False,63,2024-06-20 15:27:46.819299,True
1091.42315,True,51,2024-06-20 15:27:46.819299,True
711.03729,False,62,2024-06-20 15:27:46.819299,True
980.56810,True,56,2024-06-20 15:27:46.819299,True
743.57214,False,63,2024-06-20 15:27:46.819299,True
906.90285,False,67,2024-06-20 15:27:46.819299,True
