Trajectory,Reward,DateTime,Flag
0,176.24167,2024-06-17 15:23:14.422884,True
1,-1.45347,2024-06-17 15:23:14.422884,True
2,-197.74581,2024-06-17 15:23:14.422884,True
3,-115.39079,2024-06-17 15:23:14.422884,True
4,201.83877,2024-06-17 15:23:14.422884,True
5,-199.46265,2024-06-17 15:23:14.422884,True
6,30.72585,2024-06-17 15:23:14.422884,True
7,176.24167,2024-06-17 15:23:14.422884,True
8,65.85918,2024-06-17 15:23:14.422884,True
9,205.24167,2024-06-17 15:23:14.422884,True
10,9.86105,2024-06-17 15:23:14.422884,True
11,119.24167,2024-06-17 15:23:14.422884,True
12,-26.92500,2024-06-17 15:23:14.422884,True
13,176.24167,2024-06-17 15:23:14.422884,True
14,-62.18709,2024-06-17 15:23:14.422884,True
15,43.86672,2024-06-17 15:23:14.422884,True
16,-117.52014,2024-06-17 15:23:14.422884,True
17,25.35452,2024-06-17 15:23:14.422884,True
18,-115.34640,2024-06-17 15:23:14.422884,True
19,-266.33645,2024-06-17 15:23:14.422884,True
20,205.24167,2024-06-17 15:23:14.422884,True
21,205.24167,2024-06-17 15:23:14.422884,True
22,44.33874,2024-06-17 15:23:14.422884,True
23,205.24167,2024-06-17 15:23:14.422884,True
24,48.46547,2024-06-17 15:23:14.422884,True
25,205.14248,2024-06-17 15:23:14.422884,True
26,3.73292,2024-06-17 15:23:14.422884,True
27,176.24167,2024-06-17 15:23:14.422884,True
28,-69.36588,2024-06-17 15:23:14.422884,True
29,128.99417,2024-06-17 15:23:14.422884,True
30,46.35210,2024-06-17 15:23:14.422884,True
31,50.33587,2024-06-17 15:23:14.422884,True
32,-85.06176,2024-06-17 15:23:14.422884,True
33,-23.01051,2024-06-17 15:23:14.422884,True
34,-110.10852,2024-06-17 15:23:14.422884,True
35,-154.34959,2024-06-17 15:23:14.422884,True
36,-203.88752,2024-06-17 15:23:14.422884,True
37,147.24167,2024-06-17 15:23:14.422884,True
38,-163.28315,2024-06-17 15:23:14.422884,True
39,204.24167,2024-06-17 15:23:14.422884,True
40,235.28368,2024-06-17 15:23:14.422884,True
41,211.22721,2024-06-17 15:23:14.422884,True
42,118.24167,2024-06-17 15:23:14.422884,True
43,1.21670,2024-06-17 15:23:14.422884,True
44,204.24167,2024-06-17 15:23:14.422884,True
45,-143.07064,2024-06-17 15:23:14.422884,True
46,205.24167,2024-06-17 15:23:14.422884,True
47,-23.52338,2024-06-17 15:23:14.422884,True
48,27.01768,2024-06-17 15:23:14.422884,True
49,-68.86512,2024-06-17 15:23:14.422884,True
50,165.15058,2024-06-17 15:23:14.422884,True
51,-107.64667,2024-06-17 15:23:14.422884,True
52,147.24167,2024-06-17 15:23:14.422884,True
53,0.80678,2024-06-17 15:23:14.422884,True
54,165.24167,2024-06-17 15:23:14.422884,True
55,-14.64361,2024-06-17 15:23:14.422884,True
56,189.87159,2024-06-17 15:23:14.422884,True
57,-14.28272,2024-06-17 15:23:14.422884,True
58,204.24167,2024-06-17 15:23:14.422884,True
59,-32.35348,2024-06-17 15:23:14.422884,True
60,-116.99830,2024-06-17 15:23:14.422884,True
61,-270.79848,2024-06-17 15:23:14.422884,True
62,176.24167,2024-06-17 15:23:14.422884,True
63,176.24167,2024-06-17 15:23:14.422884,True
64,-129.49124,2024-06-17 15:23:14.422884,True
65,46.84181,2024-06-17 15:23:14.422884,True
66,74.47015,2024-06-17 15:23:14.422884,True
67,-251.57581,2024-06-17 15:23:14.422884,True
68,186.95824,2024-06-17 15:23:14.422884,True
69,118.24167,2024-06-17 15:23:14.422884,True
70,-150.74956,2024-06-17 15:23:14.422884,True
71,107.24167,2024-06-17 15:23:14.422884,True
72,205.24167,2024-06-17 15:23:14.422884,True
73,31.91584,2024-06-17 15:23:14.422884,True
74,38.60453,2024-06-17 15:23:14.422884,True
75,164.83716,2024-06-17 15:23:14.422884,True
76,205.24167,2024-06-17 15:23:14.422884,True
77,-108.78331,2024-06-17 15:23:14.422884,True
78,-252.78755,2024-06-17 15:23:14.422884,True
79,-297.24863,2024-06-17 15:23:14.422884,True
80,118.24167,2024-06-17 15:23:14.422884,True
81,147.24167,2024-06-17 15:23:14.422884,True
82,23.63242,2024-06-17 15:23:14.422884,True
83,-171.68512,2024-06-17 15:23:14.422884,True
84,-92.93576,2024-06-17 15:23:14.422884,True
85,-102.86006,2024-06-17 15:23:14.422884,True
86,176.24167,2024-06-17 15:23:14.422884,True
87,-260.49693,2024-06-17 15:23:14.422884,True
88,140.81322,2024-06-17 15:23:14.422884,True
89,-184.57897,2024-06-17 15:23:14.422884,True
90,-25.57134,2024-06-17 15:23:14.422884,True
91,176.24167,2024-06-17 15:23:14.422884,True
92,171.02195,2024-06-17 15:23:14.422884,True
93,-121.92009,2024-06-17 15:23:14.422884,True
94,116.35279,2024-06-17 15:23:14.422884,True
95,35.23547,2024-06-17 15:23:14.422884,True
96,86.39465,2024-06-17 15:23:14.422884,True
97,30.72585,2024-06-17 15:23:14.422884,True
98,205.24167,2024-06-17 15:23:14.422884,True
99,280.14219,2024-06-17 15:23:14.422884,True
100,-24.44541,2024-06-17 15:23:14.422884,True
101,-143.17364,2024-06-17 15:23:14.422884,True
102,-265.63900,2024-06-17 15:23:14.422884,True
103,65.85918,2024-06-17 15:23:14.422884,True
104,-8.70076,2024-06-17 15:23:14.422884,True
105,65.74343,2024-06-17 15:23:14.422884,True
106,-151.31830,2024-06-17 15:23:14.422884,True
107,-12.02634,2024-06-17 15:23:14.422884,True
108,91.73167,2024-06-17 15:23:14.422884,True
109,-100.82796,2024-06-17 15:23:14.422884,True
110,-57.12563,2024-06-17 15:23:14.422884,True
111,-54.58109,2024-06-17 15:23:14.422884,True
112,-233.27333,2024-06-17 15:23:14.422884,True
113,205.24167,2024-06-17 15:23:14.422884,True
114,-55.31983,2024-06-17 15:23:14.422884,True
115,-256.70777,2024-06-17 15:23:14.422884,True
116,176.24167,2024-06-17 15:23:14.422884,True
117,205.24167,2024-06-17 15:23:14.422884,True
118,-114.09273,2024-06-17 15:23:14.422884,True
119,-206.37083,2024-06-17 15:23:14.422884,True
120,-71.96453,2024-06-17 15:23:14.422884,True
121,-194.42602,2024-06-17 15:23:14.422884,True
122,-11.24462,2024-06-17 15:23:14.422884,True
123,-129.46581,2024-06-17 15:23:14.422884,True
124,43.66504,2024-06-17 15:23:14.422884,True
125,-286.68337,2024-06-17 15:23:14.422884,True
126,-187.92518,2024-06-17 15:23:14.422884,True
127,72.95765,2024-06-17 15:23:14.422884,True
128,49.16762,2024-06-17 15:23:14.422884,True
129,49.44761,2024-06-17 15:23:14.422884,True
130,-196.37083,2024-06-17 15:23:14.422884,True
131,176.24167,2024-06-17 15:23:14.422884,True
132,163.40922,2024-06-17 15:23:14.422884,True
133,-156.13927,2024-06-17 15:23:14.422884,True
134,-66.41082,2024-06-17 15:23:14.422884,True
135,100.02539,2024-06-17 15:23:14.422884,True
136,-252.70173,2024-06-17 15:23:14.422884,True
137,147.24167,2024-06-17 15:23:14.422884,True
138,205.24167,2024-06-17 15:23:14.422884,True
139,-135.29872,2024-06-17 15:23:14.422884,True
140,204.24167,2024-06-17 15:23:14.422884,True
141,183.58517,2024-06-17 15:23:14.422884,True
142,51.06576,2024-06-17 15:23:14.422884,True
143,-242.99154,2024-06-17 15:23:14.422884,True
144,-252.59267,2024-06-17 15:23:14.422884,True
145,175.93036,2024-06-17 15:23:14.422884,True
146,22.09171,2024-06-17 15:23:14.422884,True
147,-188.18843,2024-06-17 15:23:14.422884,True
148,-276.57748,2024-06-17 15:23:14.422884,True
149,205.24167,2024-06-17 15:23:14.422884,True
150,-81.69837,2024-06-17 15:23:14.422884,True
151,-256.85938,2024-06-17 15:23:14.422884,True
152,302.39825,2024-06-17 15:23:14.422884,True
153,-118.36423,2024-06-17 15:23:14.422884,True
154,-239.63873,2024-06-17 15:23:14.422884,True
155,143.88489,2024-06-17 15:23:14.422884,True
156,-96.93340,2024-06-17 15:23:14.422884,True
157,-61.81505,2024-06-17 15:23:14.422884,True
158,-269.61333,2024-06-17 15:23:14.422884,True
159,-152.64384,2024-06-17 15:23:14.422884,True
160,54.75612,2024-06-17 15:23:14.422884,True
161,-56.60144,2024-06-17 15:23:14.422884,True
162,5.69124,2024-06-17 15:23:14.422884,True
163,71.49532,2024-06-17 15:23:14.422884,True
164,-207.37083,2024-06-17 15:23:14.422884,True
165,-242.22864,2024-06-17 15:23:14.422884,True
166,205.24167,2024-06-17 15:23:14.422884,True
167,20.29924,2024-06-17 15:23:14.422884,True
168,-66.69321,2024-06-17 15:23:14.422884,True
169,-196.45833,2024-06-17 15:23:14.422884,True
170,-108.09906,2024-06-17 15:23:14.422884,True
171,197.68049,2024-06-17 15:23:14.422884,True
172,-210.66883,2024-06-17 15:23:14.422884,True
173,129.43427,2024-06-17 15:23:14.422884,True
174,-11.32480,2024-06-17 15:23:14.422884,True
175,-92.73195,2024-06-17 15:23:14.422884,True
176,31.12405,2024-06-17 15:23:14.422884,True
177,-57.69620,2024-06-17 15:23:14.422884,True
178,203.62478,2024-06-17 15:23:14.422884,True
179,-124.16891,2024-06-17 15:23:14.422884,True
180,-45.26856,2024-06-17 15:23:14.422884,True
181,-176.10013,2024-06-17 15:23:14.422884,True
182,-162.48628,2024-06-17 15:23:14.422884,True
183,-183.35553,2024-06-17 15:23:14.422884,True
184,18.91065,2024-06-17 15:23:14.422884,True
185,54.87705,2024-06-17 15:23:14.422884,True
186,201.85890,2024-06-17 15:23:14.422884,True
187,204.24167,2024-06-17 15:23:14.422884,True
188,-257.45833,2024-06-17 15:23:14.422884,True
189,223.17482,2024-06-17 15:23:14.422884,True
190,-58.93486,2024-06-17 15:23:14.422884,True
191,-295.77893,2024-06-17 15:23:14.422884,True
192,-85.49834,2024-06-17 15:23:14.422884,True
193,101.99766,2024-06-17 15:23:14.422884,True
194,-251.26832,2024-06-17 15:23:14.422884,True
195,204.24167,2024-06-17 15:23:14.422884,True
196,13.25424,2024-06-17 15:23:14.422884,True
197,-63.95015,2024-06-17 15:23:14.422884,True
198,136.13467,2024-06-17 15:23:14.422884,True
199,-25.42057,2024-06-17 15:23:14.422884,True
200,-250.66153,2024-06-17 15:23:14.422884,True
201,-83.83993,2024-06-17 15:23:14.422884,True
202,230.76254,2024-06-17 15:23:14.422884,True
203,-267.34159,2024-06-17 15:23:14.422884,True
204,-90.77593,2024-06-17 15:23:14.422884,True
205,-199.98174,2024-06-17 15:23:14.422884,True
206,22.92142,2024-06-17 15:23:14.422884,True
207,0.79877,2024-06-17 15:23:14.422884,True
208,-67.07036,2024-06-17 15:23:14.422884,True
209,98.95277,2024-06-17 15:23:14.422884,True
210,-105.61583,2024-06-17 15:23:14.422884,True
211,104.57943,2024-06-17 15:23:14.422884,True
212,-131.37473,2024-06-17 15:23:14.422884,True
213,-39.18457,2024-06-17 15:23:14.422884,True
214,-51.35553,2024-06-17 15:23:14.422884,True
215,190.20284,2024-06-17 15:23:14.422884,True
216,72.54167,2024-06-17 15:23:14.422884,True
217,91.24892,2024-06-17 15:23:14.422884,True
218,-124.12043,2024-06-17 15:23:14.422884,True
219,106.18972,2024-06-17 15:23:14.422884,True
220,206.66298,2024-06-17 15:23:14.422884,True
221,101.93111,2024-06-17 15:23:14.422884,True
222,105.25592,2024-06-17 15:23:14.422884,True
223,100.68167,2024-06-17 15:23:14.422884,True
224,129.09797,2024-06-17 15:23:14.422884,True
225,118.85437,2024-06-17 15:23:14.422884,True
226,137.73650,2024-06-17 15:23:14.422884,True
227,87.74717,2024-06-17 15:23:14.422884,True
228,91.84082,2024-06-17 15:23:14.422884,True
229,289.19396,2024-06-17 15:23:14.422884,True
230,105.66582,2024-06-17 15:23:14.422884,True
231,81.64852,2024-06-17 15:23:14.422884,True
232,114.96787,2024-06-17 15:23:14.422884,True
233,94.35827,2024-06-17 15:23:14.422884,True
234,120.37092,2024-06-17 15:23:14.422884,True
235,100.61297,2024-06-17 15:23:14.422884,True
236,132.58832,2024-06-17 15:23:14.422884,True
237,93.03827,2024-06-17 15:23:14.422884,True
238,259.31854,2024-06-17 15:23:14.422884,True
239,105.48937,2024-06-17 15:23:14.422884,True
240,-95.94229,2024-06-17 15:23:14.422884,True
241,97.87127,2024-06-17 15:23:14.422884,True
242,104.73367,2024-06-17 15:23:14.422884,True
243,-104.54898,2024-06-17 15:23:14.422884,True
244,120.78207,2024-06-17 15:23:14.422884,True
245,104.73367,2024-06-17 15:23:14.422884,True
246,262.91852,2024-06-17 15:23:14.422884,True
247,110.39182,2024-06-17 15:23:14.422884,True
248,108.29077,2024-06-17 15:23:14.422884,True
249,90.31512,2024-06-17 15:23:14.422884,True
250,108.41027,2024-06-17 15:23:14.422884,True
251,-59.74803,2024-06-17 15:23:14.422884,True
252,89.14787,2024-06-17 15:23:14.422884,True
253,114.51927,2024-06-17 15:23:14.422884,True
254,109.56957,2024-06-17 15:23:14.422884,True
255,126.06947,2024-06-17 15:23:14.422884,True
256,89.96122,2024-06-17 15:23:14.422884,True
257,94.42527,2024-06-17 15:23:14.422884,True
258,101.28727,2024-06-17 15:23:14.422884,True
259,92.01627,2024-06-17 15:23:14.422884,True
260,-36.84513,2024-06-17 15:23:14.422884,True
261,88.22457,2024-06-17 15:23:14.422884,True
262,98.71932,2024-06-17 15:23:14.422884,True
263,-86.42873,2024-06-17 15:23:14.422884,True
264,92.95307,2024-06-17 15:23:14.422884,True
265,-113.42008,2024-06-17 15:23:14.422884,True
266,74.36507,2024-06-17 15:23:14.422884,True
267,86.23927,2024-06-17 15:23:14.422884,True
268,81.78947,2024-06-17 15:23:14.422884,True
269,91.07947,2024-06-17 15:23:14.422884,True
270,99.65312,2024-06-17 15:23:14.422884,True
271,99.55387,2024-06-17 15:23:14.422884,True
272,77.41942,2024-06-17 15:23:14.422884,True
273,113.80097,2024-06-17 15:23:14.422884,True
274,97.16867,2024-06-17 15:23:14.422884,True
275,13.65567,2024-06-17 15:23:14.422884,True
276,94.12407,2024-06-17 15:23:14.422884,True
277,491.67834,2024-06-17 15:23:14.422884,True
278,98.01897,2024-06-17 15:23:14.422884,True
279,72.54167,2024-06-17 15:23:14.422884,True
280,89.38132,2024-06-17 15:23:14.422884,True
281,44.98412,2024-06-17 15:23:14.422884,True
282,120.94927,2024-06-17 15:23:14.422884,True
283,135.47062,2024-06-17 15:23:14.422884,True
284,123.94882,2024-06-17 15:23:14.422884,True
285,668.06683,2024-06-17 15:23:14.422884,True
286,92.01627,2024-06-17 15:23:14.422884,True
287,99.59417,2024-06-17 15:23:14.422884,True
288,92.01627,2024-06-17 15:23:14.422884,True
289,19.88657,2024-06-17 15:23:14.422884,True
290,72.54167,2024-06-17 15:23:14.422884,True
291,-28.71458,2024-06-17 15:23:14.422884,True
292,82.44137,2024-06-17 15:23:14.422884,True
293,117.08517,2024-06-17 15:23:14.422884,True
294,139.29767,2024-06-17 15:23:14.422884,True
295,436.04554,2024-06-17 15:23:14.422884,True
296,543.65136,2024-06-17 15:23:14.422884,True
297,556.91902,2024-06-17 15:23:14.422884,True
298,100.21327,2024-06-17 15:23:14.422884,True
299,93.11652,2024-06-17 15:23:14.422884,True
300,130.38427,2024-06-17 15:23:14.422884,True
301,521.52779,2024-06-17 15:23:14.422884,True
302,72.54167,2024-06-17 15:23:14.422884,True
303,134.70287,2024-06-17 15:23:14.422884,True
304,127.81742,2024-06-17 15:23:14.422884,True
305,135.89497,2024-06-17 15:23:14.422884,True
306,-54.04373,2024-06-17 15:23:14.422884,True
307,97.31862,2024-06-17 15:23:14.422884,True
308,562.50708,2024-06-17 15:23:14.422884,True
309,523.68696,2024-06-17 15:23:14.422884,True
310,123.05032,2024-06-17 15:23:14.422884,True
311,656.19296,2024-06-17 15:23:14.422884,True
312,565.09698,2024-06-17 15:23:14.422884,True
313,484.08712,2024-06-17 15:23:14.422884,True
314,553.81344,2024-06-17 15:23:14.422884,True
315,223.05574,2024-06-17 15:23:14.422884,True
316,524.84911,2024-06-17 15:23:14.422884,True
317,484.46191,2024-06-17 15:23:14.422884,True
318,584.77527,2024-06-17 15:23:14.422884,True
319,90.54857,2024-06-17 15:23:14.422884,True
320,432.03055,2024-06-17 15:23:14.422884,True
321,597.49304,2024-06-17 15:23:14.422884,True
322,669.67146,2024-06-17 15:23:14.422884,True
323,523.45927,2024-06-17 15:23:14.422884,True
324,98.33967,2024-06-17 15:23:14.422884,True
325,390.54743,2024-06-17 15:23:14.422884,True
326,621.69905,2024-06-17 15:23:14.422884,True
327,107.70767,2024-06-17 15:23:14.422884,True
328,520.31638,2024-06-17 15:23:14.422884,True
329,611.23374,2024-06-17 15:23:14.422884,True
330,520.89523,2024-06-17 15:23:14.422884,True
331,553.58873,2024-06-17 15:23:14.422884,True
332,539.88985,2024-06-17 15:23:14.422884,True
333,537.36603,2024-06-17 15:23:14.422884,True
334,648.98393,2024-06-17 15:23:14.422884,True
335,780.21943,2024-06-17 15:23:14.422884,True
336,-110.32573,2024-06-17 15:23:14.422884,True
337,473.49401,2024-06-17 15:23:14.422884,True
338,102.88347,2024-06-17 15:23:14.422884,True
339,643.09871,2024-06-17 15:23:14.422884,True
340,179.54888,2024-06-17 15:23:14.422884,True
341,508.72781,2024-06-17 15:23:14.422884,True
342,208.81646,2024-06-17 15:23:14.422884,True
343,633.96316,2024-06-17 15:23:14.422884,True
344,361.81642,2024-06-17 15:23:14.422884,True
345,611.75371,2024-06-17 15:23:14.422884,True
346,370.11834,2024-06-17 15:23:14.422884,True
347,431.91955,2024-06-17 15:23:14.422884,True
348,275.92318,2024-06-17 15:23:14.422884,True
349,425.97824,2024-06-17 15:23:14.422884,True
350,302.99335,2024-06-17 15:23:14.422884,True
351,501.77937,2024-06-17 15:23:14.422884,True
352,598.55187,2024-06-17 15:23:14.422884,True
353,521.71872,2024-06-17 15:23:14.422884,True
354,776.86841,2024-06-17 15:23:14.422884,True
355,506.24244,2024-06-17 15:23:14.422884,True
356,649.36526,2024-06-17 15:23:14.422884,True
357,474.48070,2024-06-17 15:23:14.422884,True
358,504.88703,2024-06-17 15:23:14.422884,True
359,163.91967,2024-06-17 15:23:14.422884,True
360,450.70063,2024-06-17 15:23:14.422884,True
361,326.22435,2024-06-17 15:23:14.422884,True
362,660.76568,2024-06-17 15:23:14.422884,True
363,449.11212,2024-06-17 15:23:14.422884,True
364,583.56195,2024-06-17 15:23:14.422884,True
365,522.47013,2024-06-17 15:23:14.422884,True
366,596.57644,2024-06-17 15:23:14.422884,True
367,608.84911,2024-06-17 15:23:14.422884,True
368,568.08747,2024-06-17 15:23:14.422884,True
369,667.52002,2024-06-17 15:23:14.422884,True
370,181.62240,2024-06-17 15:23:14.422884,True
371,439.77211,2024-06-17 15:23:14.422884,True
372,694.93812,2024-06-17 15:23:14.422884,True
373,83.22267,2024-06-17 15:23:14.422884,True
374,176.24167,2024-06-17 15:23:14.422884,True
375,232.14127,2024-06-17 15:23:14.422884,True
376,505.20592,2024-06-17 15:23:14.422884,True
377,496.43151,2024-06-17 15:23:14.422884,True
378,553.87971,2024-06-17 15:23:14.422884,True
379,354.76321,2024-06-17 15:23:14.422884,True
380,40.27754,2024-06-17 15:23:14.422884,True
381,573.35605,2024-06-17 15:23:14.422884,True
382,711.44137,2024-06-17 15:23:14.422884,True
383,653.48509,2024-06-17 15:23:14.422884,True
384,649.61272,2024-06-17 15:23:14.422884,True
385,213.35798,2024-06-17 15:23:14.422884,True
386,169.83957,2024-06-17 15:23:14.422884,True
387,542.79973,2024-06-17 15:23:14.422884,True
388,532.83872,2024-06-17 15:23:14.422884,True
389,650.11650,2024-06-17 15:23:14.422884,True
390,391.72693,2024-06-17 15:23:14.422884,True
391,727.48411,2024-06-17 15:23:14.422884,True
392,685.56622,2024-06-17 15:23:14.422884,True
393,357.73464,2024-06-17 15:23:14.422884,True
394,641.23798,2024-06-17 15:23:14.422884,True
395,616.19832,2024-06-17 15:23:14.422884,True
396,239.69628,2024-06-17 15:23:14.422884,True
397,262.82226,2024-06-17 15:23:14.422884,True
398,196.45283,2024-06-17 15:23:14.422884,True
399,236.68805,2024-06-17 15:23:14.422884,True
400,484.21442,2024-06-17 15:23:14.422884,True
401,593.51667,2024-06-17 15:23:14.422884,True
402,316.90948,2024-06-17 15:23:14.422884,True
403,633.66199,2024-06-17 15:23:14.422884,True
404,465.09944,2024-06-17 15:23:14.422884,True
405,633.53604,2024-06-17 15:23:14.422884,True
406,608.73493,2024-06-17 15:23:14.422884,True
407,473.39112,2024-06-17 15:23:14.422884,True
408,587.33821,2024-06-17 15:23:14.422884,True
409,267.31513,2024-06-17 15:23:14.422884,True
410,621.42584,2024-06-17 15:23:14.422884,True
411,433.73431,2024-06-17 15:23:14.422884,True
412,606.90675,2024-06-17 15:23:14.422884,True
413,567.81552,2024-06-17 15:23:14.422884,True
414,414.65882,2024-06-17 15:23:14.422884,True
415,568.53091,2024-06-17 15:23:14.422884,True
416,598.93893,2024-06-17 15:23:14.422884,True
417,585.26488,2024-06-17 15:23:14.422884,True
418,496.86519,2024-06-17 15:23:14.422884,True
419,196.14146,2024-06-17 15:23:14.422884,True
420,388.52707,2024-06-17 15:23:14.422884,True
421,580.28948,2024-06-17 15:23:14.422884,True
422,622.11775,2024-06-17 15:23:14.422884,True
423,653.58292,2024-06-17 15:23:14.422884,True
424,516.17570,2024-06-17 15:23:14.422884,True
425,690.45257,2024-06-17 15:23:14.422884,True
426,423.66447,2024-06-17 15:23:14.422884,True
427,469.67679,2024-06-17 15:23:14.422884,True
428,575.49030,2024-06-17 15:23:14.422884,True
429,592.37136,2024-06-17 15:23:14.422884,True
430,646.87189,2024-06-17 15:23:14.422884,True
431,528.43907,2024-06-17 15:23:14.422884,True
432,493.13443,2024-06-17 15:23:14.422884,True
433,668.31536,2024-06-17 15:23:14.422884,True
434,554.01314,2024-06-17 15:23:14.422884,True
435,594.68288,2024-06-17 15:23:14.422884,True
436,625.07615,2024-06-17 15:23:14.422884,True
437,640.45042,2024-06-17 15:23:14.422884,True
438,568.77827,2024-06-17 15:23:14.422884,True
439,582.22786,2024-06-17 15:23:14.422884,True
440,525.80684,2024-06-17 15:23:14.422884,True
441,610.78975,2024-06-17 15:23:14.422884,True
442,512.71987,2024-06-17 15:23:14.422884,True
443,636.46536,2024-06-17 15:23:14.422884,True
444,496.54970,2024-06-17 15:23:14.422884,True
445,568.65418,2024-06-17 15:23:14.422884,True
446,652.53916,2024-06-17 15:23:14.422884,True
447,548.99763,2024-06-17 15:23:14.422884,True
448,553.62082,2024-06-17 15:23:14.422884,True
449,643.97836,2024-06-17 15:23:14.422884,True
450,687.50821,2024-06-17 15:23:14.422884,True
451,619.64527,2024-06-17 15:23:14.422884,True
452,378.05697,2024-06-17 15:23:14.422884,True
453,452.58132,2024-06-17 15:23:14.422884,True
454,641.09679,2024-06-17 15:23:14.422884,True
455,548.71295,2024-06-17 15:23:14.422884,True
456,558.19066,2024-06-17 15:23:14.422884,True
457,622.84501,2024-06-17 15:23:14.422884,True
458,458.23461,2024-06-17 15:23:14.422884,True
459,272.06504,2024-06-17 15:23:14.422884,True
460,638.97575,2024-06-17 15:23:14.422884,True
461,669.15161,2024-06-17 15:23:14.422884,True
462,384.76102,2024-06-17 15:23:14.422884,True
463,606.65396,2024-06-17 15:23:14.422884,True
464,588.46856,2024-06-17 15:23:14.422884,True
465,502.79653,2024-06-17 15:23:14.422884,True
466,589.70065,2024-06-17 15:23:14.422884,True
467,291.70573,2024-06-17 15:23:14.422884,True
468,542.36141,2024-06-17 15:23:14.422884,True
469,411.07824,2024-06-17 15:23:14.422884,True
470,600.10626,2024-06-17 15:23:14.422884,True
471,660.40966,2024-06-17 15:23:14.422884,True
472,234.33630,2024-06-17 15:23:14.422884,True
473,568.85120,2024-06-17 15:23:14.422884,True
474,514.68100,2024-06-17 15:23:14.422884,True
475,620.47175,2024-06-17 15:23:14.422884,True
476,530.08245,2024-06-17 15:23:14.422884,True
477,614.52103,2024-06-17 15:23:14.422884,True
478,503.08748,2024-06-17 15:23:14.422884,True
479,486.07586,2024-06-17 15:23:14.422884,True
480,491.55403,2024-06-17 15:23:14.422884,True
481,470.53934,2024-06-17 15:23:14.422884,True
482,503.09258,2024-06-17 15:23:14.422884,True
483,550.74393,2024-06-17 15:23:14.422884,True
484,567.01635,2024-06-17 15:23:14.422884,True
485,609.94080,2024-06-17 15:23:14.422884,True
486,545.73157,2024-06-17 15:23:14.422884,True
487,589.16272,2024-06-17 15:23:14.422884,True
488,512.03361,2024-06-17 15:23:14.422884,True
489,54.47412,2024-06-17 15:23:14.422884,True
490,602.19294,2024-06-17 15:23:14.422884,True
491,648.22933,2024-06-17 15:23:14.422884,True
492,574.17532,2024-06-17 15:23:14.422884,True
493,627.61905,2024-06-17 15:23:14.422884,True
494,679.37148,2024-06-17 15:23:14.422884,True
495,410.11323,2024-06-17 15:23:14.422884,True
496,609.37009,2024-06-17 15:23:14.422884,True
497,649.79158,2024-06-17 15:23:14.422884,True
498,351.19063,2024-06-17 15:23:14.422884,True
499,621.98919,2024-06-17 15:23:14.422884,True
500,456.36709,2024-06-17 15:23:14.422884,True
501,513.45838,2024-06-17 15:23:14.422884,True
502,573.45417,2024-06-17 15:23:14.422884,True
503,502.84471,2024-06-17 15:23:14.422884,True
504,611.94753,2024-06-17 15:23:14.422884,True
505,358.14359,2024-06-17 15:23:14.422884,True
506,555.43997,2024-06-17 15:23:14.422884,True
507,678.07315,2024-06-17 15:23:14.422884,True
508,366.27783,2024-06-17 15:23:14.422884,True
509,613.26469,2024-06-17 15:23:14.422884,True
510,622.66324,2024-06-17 15:23:14.422884,True
511,522.53481,2024-06-17 15:23:14.422884,True
512,389.54625,2024-06-17 15:23:14.422884,True
513,490.60788,2024-06-17 15:23:14.422884,True
514,547.05251,2024-06-17 15:23:14.422884,True
515,504.88937,2024-06-17 15:23:14.422884,True
516,528.49433,2024-06-17 15:23:14.422884,True
517,388.72112,2024-06-17 15:23:14.422884,True
518,607.79301,2024-06-17 15:23:14.422884,True
519,620.55399,2024-06-17 15:23:14.422884,True
520,383.82069,2024-06-17 15:23:14.422884,True
521,645.20396,2024-06-17 15:23:14.422884,True
522,527.55163,2024-06-17 15:23:14.422884,True
523,533.09188,2024-06-17 15:23:14.422884,True
524,493.70383,2024-06-17 15:23:14.422884,True
525,506.12771,2024-06-17 15:23:14.422884,True
526,171.88226,2024-06-17 15:23:14.422884,True
527,457.91502,2024-06-17 15:23:14.422884,True
528,604.22302,2024-06-17 15:23:14.422884,True
529,352.14401,2024-06-17 15:23:14.422884,True
530,284.77769,2024-06-17 15:23:14.422884,True
531,418.41370,2024-06-17 15:23:14.422884,True
532,84.35750,2024-06-17 15:23:14.422884,True
533,339.65173,2024-06-17 15:23:14.422884,True
534,309.26637,2024-06-17 15:23:14.422884,True
535,586.73948,2024-06-17 15:23:14.422884,True
536,480.11786,2024-06-17 15:23:14.422884,True
537,580.68931,2024-06-17 15:23:14.422884,True
538,531.61555,2024-06-17 15:23:14.422884,True
539,560.38915,2024-06-17 15:23:14.422884,True
540,627.51069,2024-06-17 15:23:14.422884,True
541,543.49524,2024-06-17 15:23:14.422884,True
542,321.85798,2024-06-17 15:23:14.422884,True
543,253.73256,2024-06-17 15:23:14.422884,True
544,333.33511,2024-06-17 15:23:14.422884,True
545,601.94890,2024-06-17 15:23:14.422884,True
546,311.08896,2024-06-17 15:23:14.422884,True
547,577.34212,2024-06-17 15:23:14.422884,True
548,340.93311,2024-06-17 15:23:14.422884,True
549,465.27978,2024-06-17 15:23:14.422884,True
550,567.19332,2024-06-17 15:23:14.422884,True
551,506.45086,2024-06-17 15:23:14.422884,True
552,496.95597,2024-06-17 15:23:14.422884,True
553,297.72611,2024-06-17 15:23:14.422884,True
554,551.44182,2024-06-17 15:23:14.422884,True
555,424.73754,2024-06-17 15:23:14.422884,True
556,624.98963,2024-06-17 15:23:14.422884,True
557,684.07229,2024-06-17 15:23:14.422884,True
558,555.04139,2024-06-17 15:23:14.422884,True
559,549.20464,2024-06-17 15:23:14.422884,True
560,551.84590,2024-06-17 15:23:14.422884,True
561,611.20586,2024-06-17 15:23:14.422884,True
562,541.29155,2024-06-17 15:23:14.422884,True
563,563.05687,2024-06-17 15:23:14.422884,True
564,622.88381,2024-06-17 15:23:14.422884,True
565,564.65664,2024-06-17 15:23:14.422884,True
566,536.71765,2024-06-17 15:23:14.422884,True
567,559.80412,2024-06-17 15:23:14.422884,True
568,368.61856,2024-06-17 15:23:14.422884,True
569,303.77205,2024-06-17 15:23:14.422884,True
570,634.27946,2024-06-17 15:23:14.422884,True
571,590.54008,2024-06-17 15:23:14.422884,True
572,557.50331,2024-06-17 15:23:14.422884,True
573,594.63358,2024-06-17 15:23:14.422884,True
574,480.44656,2024-06-17 15:23:14.422884,True
575,419.22849,2024-06-17 15:23:14.422884,True
576,401.48788,2024-06-17 15:23:14.422884,True
577,616.21317,2024-06-17 15:23:14.422884,True
578,604.84897,2024-06-17 15:23:14.422884,True
579,575.68744,2024-06-17 15:23:14.422884,True
580,582.57300,2024-06-17 15:23:14.422884,True
581,692.17101,2024-06-17 15:23:14.422884,True
582,538.03268,2024-06-17 15:23:14.422884,True
583,499.00894,2024-06-17 15:23:14.422884,True
584,647.06959,2024-06-17 15:23:14.422884,True
585,449.09734,2024-06-17 15:23:14.422884,True
586,558.66059,2024-06-17 15:23:14.422884,True
587,299.82806,2024-06-17 15:23:14.422884,True
588,440.56039,2024-06-17 15:23:14.422884,True
589,690.97509,2024-06-17 15:23:14.422884,True
590,334.81125,2024-06-17 15:23:14.422884,True
591,647.12529,2024-06-17 15:23:14.422884,True
592,629.42378,2024-06-17 15:23:14.422884,True
593,579.28253,2024-06-17 15:23:14.422884,True
594,515.19511,2024-06-17 15:23:14.422884,True
595,741.60697,2024-06-17 15:23:14.422884,True
596,576.09877,2024-06-17 15:23:14.422884,True
597,688.71493,2024-06-17 15:23:14.422884,True
598,436.85729,2024-06-17 15:23:14.422884,True
599,515.93414,2024-06-17 15:23:14.422884,True
600,740.90895,2024-06-17 15:23:14.422884,True
601,578.66651,2024-06-17 15:23:14.422884,True
602,506.71783,2024-06-17 15:23:14.422884,True
603,627.86084,2024-06-17 15:23:14.422884,True
604,413.16154,2024-06-17 15:23:14.422884,True
605,934.04235,2024-06-17 15:23:14.422884,True
606,684.45062,2024-06-17 15:23:14.422884,True
607,384.75400,2024-06-17 15:23:14.422884,True
608,630.48225,2024-06-17 15:23:14.422884,True
609,524.95092,2024-06-17 15:23:14.422884,True
610,505.98425,2024-06-17 15:23:14.422884,True
611,581.22345,2024-06-17 15:23:14.422884,True
612,648.56631,2024-06-17 15:23:14.422884,True
613,585.48733,2024-06-17 15:23:14.422884,True
614,738.54028,2024-06-17 15:23:14.422884,True
615,733.60135,2024-06-17 15:23:14.422884,True
616,499.77490,2024-06-17 15:23:14.422884,True
617,537.15798,2024-06-17 15:23:14.422884,True
618,623.96621,2024-06-17 15:23:14.422884,True
619,477.00822,2024-06-17 15:23:14.422884,True
620,608.96838,2024-06-17 15:23:14.422884,True
621,432.12550,2024-06-17 15:23:14.422884,True
622,847.82521,2024-06-17 15:23:14.422884,True
623,635.51587,2024-06-17 15:23:14.422884,True
624,594.56552,2024-06-17 15:23:14.422884,True
625,607.78331,2024-06-17 15:23:14.422884,True
626,340.88138,2024-06-17 15:23:14.422884,True
627,324.96320,2024-06-17 15:23:14.422884,True
628,541.18423,2024-06-17 15:23:14.422884,True
629,621.07701,2024-06-17 15:23:14.422884,True
630,640.93152,2024-06-17 15:23:14.422884,True
631,659.22168,2024-06-17 15:23:14.422884,True
632,452.13842,2024-06-17 15:23:14.422884,True
633,531.65186,2024-06-17 15:23:14.422884,True
634,634.75911,2024-06-17 15:23:14.422884,True
635,378.01676,2024-06-17 15:23:14.422884,True
636,608.69633,2024-06-17 15:23:14.422884,True
637,720.83200,2024-06-17 15:23:14.422884,True
638,692.36716,2024-06-17 15:23:14.422884,True
639,426.91378,2024-06-17 15:23:14.422884,True
640,366.96324,2024-06-17 15:23:14.422884,True
641,490.02829,2024-06-17 15:23:14.422884,True
642,611.05681,2024-06-17 15:23:14.422884,True
643,543.55633,2024-06-17 15:23:14.422884,True
644,298.88801,2024-06-17 15:23:14.422884,True
645,504.56474,2024-06-17 15:23:14.422884,True
646,674.92375,2024-06-17 15:23:14.422884,True
647,414.03670,2024-06-17 15:23:14.422884,True
648,437.05883,2024-06-17 15:23:14.422884,True
649,584.90249,2024-06-17 15:23:14.422884,True
650,306.52840,2024-06-17 15:23:14.422884,True
651,665.23989,2024-06-17 15:23:14.422884,True
652,497.85966,2024-06-17 15:23:14.422884,True
653,578.57895,2024-06-17 15:23:14.422884,True
654,691.56274,2024-06-17 15:23:14.422884,True
655,551.88167,2024-06-17 15:23:14.422884,True
656,675.57148,2024-06-17 15:23:14.422884,True
657,560.11659,2024-06-17 15:23:14.422884,True
658,610.80891,2024-06-17 15:23:14.422884,True
659,542.47199,2024-06-17 15:23:14.422884,True
660,648.41408,2024-06-17 15:23:14.422884,True
661,587.63747,2024-06-17 15:23:14.422884,True
662,772.09921,2024-06-17 15:23:14.422884,True
663,593.83917,2024-06-17 15:23:14.422884,True
664,394.00000,2024-06-17 15:23:14.422884,True
665,678.90892,2024-06-17 15:23:14.422884,True
666,630.62860,2024-06-17 15:23:14.422884,True
667,541.60014,2024-06-17 15:23:14.422884,True
668,543.56833,2024-06-17 15:23:14.422884,True
669,575.99284,2024-06-17 15:23:14.422884,True
670,832.85020,2024-06-17 15:23:14.422884,True
671,634.05105,2024-06-17 15:23:14.422884,True
672,598.56869,2024-06-17 15:23:14.422884,True
673,584.54898,2024-06-17 15:23:14.422884,True
674,397.07740,2024-06-17 15:23:14.422884,True
675,156.06769,2024-06-17 15:23:14.422884,True
676,283.74283,2024-06-17 15:23:14.422884,True
677,706.00650,2024-06-17 15:23:14.422884,True
678,606.28824,2024-06-17 15:23:14.422884,True
679,663.30694,2024-06-17 15:23:14.422884,True
680,535.09031,2024-06-17 15:23:14.422884,True
681,639.13871,2024-06-17 15:23:14.422884,True
682,574.67573,2024-06-17 15:23:14.422884,True
683,644.26451,2024-06-17 15:23:14.422884,True
684,853.96007,2024-06-17 15:23:14.422884,True
685,393.41088,2024-06-17 15:23:14.422884,True
686,721.58286,2024-06-17 15:23:14.422884,True
687,690.55215,2024-06-17 15:23:14.422884,True
688,770.22117,2024-06-17 15:23:14.422884,True
689,677.03467,2024-06-17 15:23:14.422884,True
690,604.23027,2024-06-17 15:23:14.422884,True
691,556.17614,2024-06-17 15:23:14.422884,True
692,326.92656,2024-06-17 15:23:14.422884,True
693,663.71732,2024-06-17 15:23:14.422884,True
694,760.29708,2024-06-17 15:23:14.422884,True
695,878.47189,2024-06-17 15:23:14.422884,True
696,644.18168,2024-06-17 15:23:14.422884,True
697,510.98783,2024-06-17 15:23:14.422884,True
698,633.95526,2024-06-17 15:23:14.422884,True
699,398.16192,2024-06-17 15:23:14.422884,True
700,599.12023,2024-06-17 15:23:14.422884,True
701,691.78187,2024-06-17 15:23:14.422884,True
702,507.82209,2024-06-17 15:23:14.422884,True
703,532.20463,2024-06-17 15:23:14.422884,True
704,489.32066,2024-06-17 15:23:14.422884,True
705,644.85259,2024-06-17 15:23:14.422884,True
706,571.96161,2024-06-17 15:23:14.422884,True
707,732.10555,2024-06-17 15:23:14.422884,True
708,724.05700,2024-06-17 15:23:14.422884,True
709,561.75674,2024-06-17 15:23:14.422884,True
710,395.55331,2024-06-17 15:23:14.422884,True
711,535.05764,2024-06-17 15:23:14.422884,True
712,883.10731,2024-06-17 15:23:14.422884,True
713,661.95915,2024-06-17 15:23:14.422884,True
714,553.12914,2024-06-17 15:23:14.422884,True
715,578.06787,2024-06-17 15:23:14.422884,True
716,613.85798,2024-06-17 15:23:14.422884,True
717,638.89281,2024-06-17 15:23:14.422884,True
718,895.01690,2024-06-17 15:23:14.422884,True
719,526.22807,2024-06-17 15:23:14.422884,True
720,657.58228,2024-06-17 15:23:14.422884,True
721,618.17763,2024-06-17 15:23:14.422884,True
722,614.73132,2024-06-17 15:23:14.422884,True
723,671.50080,2024-06-17 15:23:14.422884,True
724,445.21888,2024-06-17 15:23:14.422884,True
725,607.21609,2024-06-17 15:23:14.422884,True
726,702.01165,2024-06-17 15:23:14.422884,True
727,386.71841,2024-06-17 15:23:14.422884,True
728,589.09292,2024-06-17 15:23:14.422884,True
729,456.31758,2024-06-17 15:23:14.422884,True
730,451.03661,2024-06-17 15:23:14.422884,True
731,614.92164,2024-06-17 15:23:14.422884,True
732,553.66741,2024-06-17 15:23:14.422884,True
733,642.98655,2024-06-17 15:23:14.422884,True
734,792.64831,2024-06-17 15:23:14.422884,True
735,564.15359,2024-06-17 15:23:14.422884,True
736,599.76155,2024-06-17 15:23:14.422884,True
737,619.77440,2024-06-17 15:23:14.422884,True
738,603.59647,2024-06-17 15:23:14.422884,True
739,599.85781,2024-06-17 15:23:14.422884,True
740,946.23417,2024-06-17 15:23:14.422884,True
741,806.61259,2024-06-17 15:23:14.422884,True
742,628.12065,2024-06-17 15:23:14.422884,True
743,521.20783,2024-06-17 15:23:14.422884,True
744,959.71836,2024-06-17 15:23:14.422884,True
745,550.52064,2024-06-17 15:23:14.422884,True
746,612.14998,2024-06-17 15:23:14.422884,True
747,1164.27174,2024-06-17 15:23:14.422884,True
748,487.37916,2024-06-17 15:23:14.422884,True
749,580.27811,2024-06-17 15:23:14.422884,True
750,596.49799,2024-06-17 15:23:14.422884,True
751,674.97394,2024-06-17 15:23:14.422884,True
752,669.45786,2024-06-17 15:23:14.422884,True
753,767.09437,2024-06-17 15:23:14.422884,True
754,548.99311,2024-06-17 15:23:14.422884,True
755,701.83032,2024-06-17 15:23:14.422884,True
756,544.04549,2024-06-17 15:23:14.422884,True
757,648.62153,2024-06-17 15:23:14.422884,True
758,527.85400,2024-06-17 15:23:14.422884,True
759,645.12441,2024-06-17 15:23:14.422884,True
760,562.29476,2024-06-17 15:23:14.422884,True
761,476.63084,2024-06-17 15:23:14.422884,True
762,484.95882,2024-06-17 15:23:14.422884,True
763,280.39447,2024-06-17 15:23:14.422884,True
764,598.61987,2024-06-17 15:23:14.422884,True
765,585.71021,2024-06-17 15:23:14.422884,True
766,600.75282,2024-06-17 15:23:14.422884,True
767,633.38284,2024-06-17 15:23:14.422884,True
768,513.59013,2024-06-17 15:23:14.422884,True
769,795.91042,2024-06-17 15:23:14.422884,True
770,636.19529,2024-06-17 15:23:14.422884,True
771,538.68777,2024-06-17 15:23:14.422884,True
772,561.36367,2024-06-17 15:23:14.422884,True
773,473.00631,2024-06-17 15:23:14.422884,True
774,-8.25110,2024-06-17 15:23:14.422884,True
775,628.10772,2024-06-17 15:23:14.422884,True
776,532.67978,2024-06-17 15:23:14.422884,True
777,563.74656,2024-06-17 15:23:14.422884,True
778,589.14182,2024-06-17 15:23:14.422884,True
779,382.94792,2024-06-17 15:23:14.422884,True
780,678.64591,2024-06-17 15:23:14.422884,True
781,504.01034,2024-06-17 15:23:14.422884,True
782,102.46383,2024-06-17 15:23:14.422884,True
783,631.82550,2024-06-17 15:23:14.422884,True
784,626.18378,2024-06-17 15:23:14.422884,True
785,617.06371,2024-06-17 15:23:14.422884,True
786,501.54089,2024-06-17 15:23:14.422884,True
787,675.65088,2024-06-17 15:23:14.422884,True
788,546.39773,2024-06-17 15:23:14.422884,True
789,619.83970,2024-06-17 15:23:14.422884,True
790,638.06329,2024-06-17 15:23:14.422884,True
791,518.11791,2024-06-17 15:23:14.422884,True
792,539.30659,2024-06-17 15:23:14.422884,True
793,482.50702,2024-06-17 15:23:14.422884,True
794,607.90845,2024-06-17 15:23:14.422884,True
795,603.88481,2024-06-17 15:23:14.422884,True
796,561.32677,2024-06-17 15:23:14.422884,True
797,128.63398,2024-06-17 15:23:14.422884,True
798,823.69340,2024-06-17 15:23:14.422884,True
799,549.96764,2024-06-17 15:23:14.422884,True
800,589.29993,2024-06-17 15:23:14.422884,True
801,589.19363,2024-06-17 15:23:14.422884,True
802,602.36323,2024-06-17 15:23:14.422884,True
803,387.77058,2024-06-17 15:23:14.422884,True
804,569.54020,2024-06-17 15:23:14.422884,True
805,591.21752,2024-06-17 15:23:14.422884,True
806,556.56199,2024-06-17 15:23:14.422884,True
807,650.24126,2024-06-17 15:23:14.422884,True
808,556.56178,2024-06-17 15:23:14.422884,True
809,536.13413,2024-06-17 15:23:14.422884,True
810,616.66130,2024-06-17 15:23:14.422884,True
811,839.17862,2024-06-17 15:23:14.422884,True
812,667.64749,2024-06-17 15:23:14.422884,True
813,548.84935,2024-06-17 15:23:14.422884,True
814,450.52485,2024-06-17 15:23:14.422884,True
815,502.34442,2024-06-17 15:23:14.422884,True
816,592.81479,2024-06-17 15:23:14.422884,True
817,628.18817,2024-06-17 15:23:14.422884,True
818,649.45815,2024-06-17 15:23:14.422884,True
819,549.06311,2024-06-17 15:23:14.422884,True
820,671.85653,2024-06-17 15:23:14.422884,True
821,602.37980,2024-06-17 15:23:14.422884,True
822,559.15739,2024-06-17 15:23:14.422884,True
823,510.57083,2024-06-17 15:23:14.422884,True
824,473.23568,2024-06-17 15:23:14.422884,True
825,863.53659,2024-06-17 15:23:14.422884,True
826,410.70632,2024-06-17 15:23:14.422884,True
827,375.05212,2024-06-17 15:23:14.422884,True
828,657.51277,2024-06-17 15:23:14.422884,True
829,597.67554,2024-06-17 15:23:14.422884,True
830,592.70081,2024-06-17 15:23:14.422884,True
831,584.81749,2024-06-17 15:23:14.422884,True
832,551.76164,2024-06-17 15:23:14.422884,True
833,601.07313,2024-06-17 15:23:14.422884,True
834,580.12725,2024-06-17 15:23:14.422884,True
835,572.67946,2024-06-17 15:23:14.422884,True
836,570.83588,2024-06-17 15:23:14.422884,True
837,577.43350,2024-06-17 15:23:14.422884,True
838,578.72170,2024-06-17 15:23:14.422884,True
839,841.62623,2024-06-17 15:23:14.422884,True
840,687.40385,2024-06-17 15:23:14.422884,True
841,551.31164,2024-06-17 15:23:14.422884,True
842,681.29559,2024-06-17 15:23:14.422884,True
843,-16.65865,2024-06-17 15:23:14.422884,True
844,628.68714,2024-06-17 15:23:14.422884,True
845,252.64538,2024-06-17 15:23:14.422884,True
846,585.03393,2024-06-17 15:23:14.422884,True
847,649.78011,2024-06-17 15:23:14.422884,True
848,561.61320,2024-06-17 15:23:14.422884,True
849,557.95497,2024-06-17 15:23:14.422884,True
850,634.08386,2024-06-17 15:23:14.422884,True
851,567.00920,2024-06-17 15:23:14.422884,True
852,508.86712,2024-06-17 15:23:14.422884,True
853,692.74433,2024-06-17 15:23:14.422884,True
854,571.00565,2024-06-17 15:23:14.422884,True
855,800.42275,2024-06-17 15:23:14.422884,True
856,574.40028,2024-06-17 15:23:14.422884,True
857,567.72341,2024-06-17 15:23:14.422884,True
858,850.17212,2024-06-17 15:23:14.422884,True
859,735.29818,2024-06-17 15:23:14.422884,True
860,72.50496,2024-06-17 15:23:14.422884,True
861,637.31622,2024-06-17 15:23:14.422884,True
862,546.33846,2024-06-17 15:23:14.422884,True
863,659.32590,2024-06-17 15:23:14.422884,True
864,409.85843,2024-06-17 15:23:14.422884,True
865,460.30170,2024-06-17 15:23:14.422884,True
866,650.42871,2024-06-17 15:23:14.422884,True
867,342.58321,2024-06-17 15:23:14.422884,True
868,595.19837,2024-06-17 15:23:14.422884,True
869,487.09166,2024-06-17 15:23:14.422884,True
870,506.14605,2024-06-17 15:23:14.422884,True
871,808.25283,2024-06-17 15:23:14.422884,True
872,418.75891,2024-06-17 15:23:14.422884,True
873,818.94980,2024-06-17 15:23:14.422884,True
874,637.63652,2024-06-17 15:23:14.422884,True
875,565.68582,2024-06-17 15:23:14.422884,True
876,566.33390,2024-06-17 15:23:14.422884,True
877,890.56189,2024-06-17 15:23:14.422884,True
878,406.31050,2024-06-17 15:23:14.422884,True
879,342.94964,2024-06-17 15:23:14.422884,True
880,539.58038,2024-06-17 15:23:14.422884,True
881,494.86254,2024-06-17 15:23:14.422884,True
882,686.03683,2024-06-17 15:23:14.422884,True
883,517.24959,2024-06-17 15:23:14.422884,True
884,171.52527,2024-06-17 15:23:14.422884,True
885,790.27672,2024-06-17 15:23:14.422884,True
886,816.36347,2024-06-17 15:23:14.422884,True
887,630.11496,2024-06-17 15:23:14.422884,True
888,540.78253,2024-06-17 15:23:14.422884,True
889,543.17824,2024-06-17 15:23:14.422884,True
890,533.98383,2024-06-17 15:23:14.422884,True
891,468.34509,2024-06-17 15:23:14.422884,True
892,809.08815,2024-06-17 15:23:14.422884,True
893,553.83026,2024-06-17 15:23:14.422884,True
894,710.79143,2024-06-17 15:23:14.422884,True
895,538.64720,2024-06-17 15:23:14.422884,True
896,573.33746,2024-06-17 15:23:14.422884,True
897,594.76396,2024-06-17 15:23:14.422884,True
898,546.82960,2024-06-17 15:23:14.422884,True
899,643.70286,2024-06-17 15:23:14.422884,True
900,558.91307,2024-06-17 15:23:14.422884,True
901,849.55431,2024-06-17 15:23:14.422884,True
902,511.77125,2024-06-17 15:23:14.422884,True
903,786.89595,2024-06-17 15:23:14.422884,True
904,516.68765,2024-06-17 15:23:14.422884,True
905,1037.27513,2024-06-17 15:23:14.422884,True
906,887.08041,2024-06-17 15:23:14.422884,True
907,671.71921,2024-06-17 15:23:14.422884,True
908,883.08441,2024-06-17 15:23:14.422884,True
909,556.71889,2024-06-17 15:23:14.422884,True
910,626.23324,2024-06-17 15:23:14.422884,True
911,647.20586,2024-06-17 15:23:14.422884,True
912,592.85204,2024-06-17 15:23:14.422884,True
913,577.35118,2024-06-17 15:23:14.422884,True
914,576.27392,2024-06-17 15:23:14.422884,True
915,76.28249,2024-06-17 15:23:14.422884,True
916,547.09423,2024-06-17 15:23:14.422884,True
917,633.21460,2024-06-17 15:23:14.422884,True
918,608.60939,2024-06-17 15:23:14.422884,True
919,638.80460,2024-06-17 15:23:14.422884,True
920,598.11588,2024-06-17 15:23:14.422884,True
921,592.06792,2024-06-17 15:23:14.422884,True
922,613.72935,2024-06-17 15:23:14.422884,True
923,897.22231,2024-06-17 15:23:14.422884,True
924,469.03940,2024-06-17 15:23:14.422884,True
925,833.48560,2024-06-17 15:23:14.422884,True
926,562.67226,2024-06-17 15:23:14.422884,True
927,1006.08386,2024-06-17 15:23:14.422884,True
928,397.70809,2024-06-17 15:23:14.422884,True
929,799.42945,2024-06-17 15:23:14.422884,True
930,676.24762,2024-06-17 15:23:14.422884,True
931,434.71883,2024-06-17 15:23:14.422884,True
932,791.47557,2024-06-17 15:23:14.422884,True
933,545.64009,2024-06-17 15:23:14.422884,True
934,557.37226,2024-06-17 15:23:14.422884,True
935,444.27411,2024-06-17 15:23:14.422884,True
936,788.67669,2024-06-17 15:23:14.422884,True
937,621.54441,2024-06-17 15:23:14.422884,True
938,1012.41539,2024-06-17 15:23:14.422884,True
939,251.64591,2024-06-17 15:23:14.422884,True
940,762.68743,2024-06-17 15:23:14.422884,True
941,624.74971,2024-06-17 15:23:14.422884,True
942,681.88119,2024-06-17 15:23:14.422884,True
943,654.56465,2024-06-17 15:23:14.422884,True
944,683.00114,2024-06-17 15:23:14.422884,True
945,614.82806,2024-06-17 15:23:14.422884,True
946,539.84329,2024-06-17 15:23:14.422884,True
947,651.44981,2024-06-17 15:23:14.422884,True
948,598.69243,2024-06-17 15:23:14.422884,True
949,516.65213,2024-06-17 15:23:14.422884,True
950,501.88807,2024-06-17 15:23:14.422884,True
951,582.10961,2024-06-17 15:23:14.422884,True
952,599.46245,2024-06-17 15:23:14.422884,True
953,611.43803,2024-06-17 15:23:14.422884,True
954,614.68337,2024-06-17 15:23:14.422884,True
955,567.31889,2024-06-17 15:23:14.422884,True
956,577.17337,2024-06-17 15:23:14.422884,True
957,542.93950,2024-06-17 15:23:14.422884,True
958,464.71192,2024-06-17 15:23:14.422884,True
959,744.34699,2024-06-17 15:23:14.422884,True
960,418.56345,2024-06-17 15:23:14.422884,True
961,882.30669,2024-06-17 15:23:14.422884,True
962,580.33870,2024-06-17 15:23:14.422884,True
963,540.04691,2024-06-17 15:23:14.422884,True
964,836.99086,2024-06-17 15:23:14.422884,True
965,751.06344,2024-06-17 15:23:14.422884,True
966,599.55516,2024-06-17 15:23:14.422884,True
967,712.77035,2024-06-17 15:23:14.422884,True
968,497.61485,2024-06-17 15:23:14.422884,True
969,653.48901,2024-06-17 15:23:14.422884,True
970,947.48104,2024-06-17 15:23:14.422884,True
971,587.28269,2024-06-17 15:23:14.422884,True
972,454.60235,2024-06-17 15:23:14.422884,True
973,934.35301,2024-06-17 15:23:14.422884,True
974,652.55706,2024-06-17 15:23:14.422884,True
975,470.90876,2024-06-17 15:23:14.422884,True
976,494.93193,2024-06-17 15:23:14.422884,True
977,623.49982,2024-06-17 15:23:14.422884,True
978,547.63396,2024-06-17 15:23:14.422884,True
979,545.73349,2024-06-17 15:23:14.422884,True
980,461.99206,2024-06-17 15:23:14.422884,True
981,553.55455,2024-06-17 15:23:14.422884,True
982,583.89304,2024-06-17 15:23:14.422884,True
983,376.26577,2024-06-17 15:23:14.422884,True
984,395.99153,2024-06-17 15:23:14.422884,True
985,493.41945,2024-06-17 15:23:14.422884,True
986,556.61373,2024-06-17 15:23:14.422884,True
987,721.95625,2024-06-17 15:23:14.422884,True
988,969.13840,2024-06-17 15:23:14.422884,True
989,590.67984,2024-06-17 15:23:14.422884,True
990,590.07565,2024-06-17 15:23:14.422884,True
991,587.13557,2024-06-17 15:23:14.422884,True
992,568.31185,2024-06-17 15:23:14.422884,True
993,806.51498,2024-06-17 15:23:14.422884,True
994,563.70426,2024-06-17 15:23:14.422884,True
995,531.85930,2024-06-17 15:23:14.422884,True
996,-134.09250,2024-06-17 15:23:14.422884,True
997,586.24943,2024-06-17 15:23:14.422884,True
998,635.88288,2024-06-17 15:23:14.422884,True
999,574.81735,2024-06-17 15:23:14.422884,True
1000,587.67813,2024-06-17 15:23:14.422884,True
1001,796.70727,2024-06-17 15:23:14.422884,True
1002,889.25795,2024-06-17 15:23:14.422884,True
1003,548.94103,2024-06-17 15:23:14.422884,True
1004,538.67115,2024-06-17 15:23:14.422884,True
1005,668.00607,2024-06-17 15:23:14.422884,True
1006,472.87908,2024-06-17 15:23:14.422884,True
1007,516.74637,2024-06-17 15:23:14.422884,True
1008,608.82594,2024-06-17 15:23:14.422884,True
1009,685.40193,2024-06-17 15:23:14.422884,True
1010,561.16785,2024-06-17 15:23:14.422884,True
1011,391.39391,2024-06-17 15:23:14.422884,True
1012,567.24447,2024-06-17 15:23:14.422884,True
1013,582.93161,2024-06-17 15:23:14.422884,True
1014,724.87824,2024-06-17 15:23:14.422884,True
1015,840.85605,2024-06-17 15:23:14.422884,True
1016,652.47156,2024-06-17 15:23:14.422884,True
1017,554.02225,2024-06-17 15:23:14.422884,True
1018,504.40837,2024-06-17 15:23:14.422884,True
1019,639.77696,2024-06-17 15:23:14.422884,True
1020,215.92315,2024-06-17 15:23:14.422884,True
1021,648.71575,2024-06-17 15:23:14.422884,True
1022,472.73996,2024-06-17 15:23:14.422884,True
1023,557.65683,2024-06-17 15:23:14.422884,True
1024,720.26198,2024-06-17 15:23:14.422884,True
1025,636.44867,2024-06-17 15:23:14.422884,True
1026,478.88859,2024-06-17 15:23:14.422884,True
1027,585.59308,2024-06-17 15:23:14.422884,True
1028,782.40000,2024-06-17 15:23:14.422884,True
1029,571.60326,2024-06-17 15:23:14.422884,True
1030,630.46632,2024-06-17 15:23:14.422884,True
1031,616.18262,2024-06-17 15:23:14.422884,True
1032,413.70333,2024-06-17 15:23:14.422884,True
1033,784.29612,2024-06-17 15:23:14.422884,True
1034,540.69925,2024-06-17 15:23:14.422884,True
1035,780.86113,2024-06-17 15:23:14.422884,True
1036,679.44243,2024-06-17 15:23:14.422884,True
1037,711.21930,2024-06-17 15:23:14.422884,True
1038,617.02734,2024-06-17 15:23:14.422884,True
1039,518.58350,2024-06-17 15:23:14.422884,True
1040,471.58012,2024-06-17 15:23:14.422884,True
1041,838.78569,2024-06-17 15:23:14.422884,True
1042,520.62866,2024-06-17 15:23:14.422884,True
1043,527.94964,2024-06-17 15:23:14.422884,True
1044,762.96799,2024-06-17 15:23:14.422884,True
1045,847.87323,2024-06-17 15:23:14.422884,True
1046,674.01128,2024-06-17 15:23:14.422884,True
1047,573.54859,2024-06-17 15:23:14.422884,True
1048,564.68276,2024-06-17 15:23:14.422884,True
1049,966.51263,2024-06-17 15:23:14.422884,True
1050,552.26807,2024-06-17 15:23:14.422884,True
1051,675.17716,2024-06-17 15:23:14.422884,True
1052,531.23844,2024-06-17 15:23:14.422884,True
1053,780.23352,2024-06-17 15:23:14.422884,True
1054,502.08660,2024-06-17 15:23:14.422884,True
1055,566.61910,2024-06-17 15:23:14.422884,True
1056,920.56289,2024-06-17 15:23:14.422884,True
1057,619.49562,2024-06-17 15:23:14.422884,True
1058,444.87268,2024-06-17 15:23:14.422884,True
1059,566.43506,2024-06-17 15:23:14.422884,True
1060,846.83695,2024-06-17 15:23:14.422884,True
1061,661.31061,2024-06-17 15:23:14.422884,True
1062,603.24596,2024-06-17 15:23:14.422884,True
1063,542.49223,2024-06-17 15:23:14.422884,True
1064,572.77667,2024-06-17 15:23:14.422884,True
1065,521.64436,2024-06-17 15:23:14.422884,True
1066,670.88291,2024-06-17 15:23:14.422884,True
1067,682.48676,2024-06-17 15:23:14.422884,True
1068,592.85298,2024-06-17 15:23:14.422884,True
1069,540.23552,2024-06-17 15:23:14.422884,True
1070,516.42767,2024-06-17 15:23:14.422884,True
1071,843.98440,2024-06-17 15:23:14.422884,True
1072,789.61523,2024-06-17 15:23:14.422884,True
1073,662.64895,2024-06-17 15:23:14.422884,True
1074,303.89558,2024-06-17 15:23:14.422884,True
1075,566.50388,2024-06-17 15:23:14.422884,True
1076,622.00651,2024-06-17 15:23:14.422884,True
1077,606.90328,2024-06-17 15:23:14.422884,True
1078,357.87518,2024-06-17 15:23:14.422884,True
1079,513.39063,2024-06-17 15:23:14.422884,True
1080,437.27369,2024-06-17 15:23:14.422884,True
1081,585.19727,2024-06-17 15:23:14.422884,True
1082,564.60929,2024-06-17 15:23:14.422884,True
1083,692.36329,2024-06-17 15:23:14.422884,True
1084,501.79986,2024-06-17 15:23:14.422884,True
1085,768.23259,2024-06-17 15:23:14.422884,True
1086,772.31107,2024-06-17 15:23:14.422884,True
1087,591.21699,2024-06-17 15:23:14.422884,True
1088,724.11041,2024-06-17 15:23:14.422884,True
1089,714.59341,2024-06-17 15:23:14.422884,True
1090,852.57178,2024-06-17 15:23:14.422884,True
1091,632.14006,2024-06-17 15:23:14.422884,True
1092,469.74250,2024-06-17 15:23:14.422884,True
1093,515.65094,2024-06-17 15:23:14.422884,True
1094,942.04678,2024-06-17 15:23:14.422884,True
1095,578.41970,2024-06-17 15:23:14.422884,True
1096,834.85478,2024-06-17 15:23:14.422884,True
1097,541.92326,2024-06-17 15:23:14.422884,True
1098,634.73004,2024-06-17 15:23:14.422884,True
1099,587.00577,2024-06-17 15:23:14.422884,True
1100,625.59064,2024-06-17 15:23:14.422884,True
1101,624.04578,2024-06-17 15:23:14.422884,True
1102,706.43523,2024-06-17 15:23:14.422884,True
1103,672.35138,2024-06-17 15:23:14.422884,True
1104,599.29518,2024-06-17 15:23:14.422884,True
1105,673.95053,2024-06-17 15:23:14.422884,True
1106,556.50753,2024-06-17 15:23:14.422884,True
1107,777.13240,2024-06-17 15:23:14.422884,True
1108,738.81559,2024-06-17 15:23:14.422884,True
1109,624.37517,2024-06-17 15:23:14.422884,True
1110,708.15995,2024-06-17 15:23:14.422884,True
1111,569.24430,2024-06-17 15:23:14.422884,True
1112,501.20710,2024-06-17 15:23:14.422884,True
1113,518.52997,2024-06-17 15:23:14.422884,True
1114,631.49239,2024-06-17 15:23:14.422884,True
1115,546.70607,2024-06-17 15:23:14.422884,True
1116,675.67568,2024-06-17 15:23:14.422884,True
1117,756.72419,2024-06-17 15:23:14.422884,True
1118,503.19016,2024-06-17 15:23:14.422884,True
1119,960.49587,2024-06-17 15:23:14.422884,True
1120,608.05504,2024-06-17 15:23:14.422884,True
1121,574.04133,2024-06-17 15:23:14.422884,True
1122,595.48282,2024-06-17 15:23:14.422884,True
1123,700.30405,2024-06-17 15:23:14.422884,True
1124,776.87635,2024-06-17 15:23:14.422884,True
1125,589.10447,2024-06-17 15:23:14.422884,True
1126,1008.49857,2024-06-17 15:23:14.422884,True
1127,642.37302,2024-06-17 15:23:14.422884,True
1128,585.36576,2024-06-17 15:23:14.422884,True
1129,607.49257,2024-06-17 15:23:14.422884,True
1130,592.93092,2024-06-17 15:23:14.422884,True
1131,519.33793,2024-06-17 15:23:14.422884,True
1132,793.61681,2024-06-17 15:23:14.422884,True
1133,629.73498,2024-06-17 15:23:14.422884,True
1134,673.06117,2024-06-17 15:23:14.422884,True
1135,333.35401,2024-06-17 15:23:14.422884,True
1136,712.35707,2024-06-17 15:23:14.422884,True
1137,598.70203,2024-06-17 15:23:14.422884,True
1138,649.88330,2024-06-17 15:23:14.422884,True
1139,306.22057,2024-06-17 15:23:14.422884,True
1140,606.33626,2024-06-17 15:23:14.422884,True
1141,953.03463,2024-06-17 15:23:14.422884,True
1142,517.36972,2024-06-17 15:23:14.422884,True
1143,571.28256,2024-06-17 15:23:14.422884,True
1144,764.96002,2024-06-17 15:23:14.422884,True
1145,642.68582,2024-06-17 15:23:14.422884,True
1146,565.54761,2024-06-17 15:23:14.422884,True
1147,787.34730,2024-06-17 15:23:14.422884,True
1148,566.35651,2024-06-17 15:23:14.422884,True
1149,826.17856,2024-06-17 15:23:14.422884,True
1150,612.33914,2024-06-17 15:23:14.422884,True
1151,745.23912,2024-06-17 15:23:14.422884,True
1152,854.16540,2024-06-17 15:23:14.422884,True
1153,517.26198,2024-06-17 15:23:14.422884,True
1154,560.69901,2024-06-17 15:23:14.422884,True
1155,472.40836,2024-06-17 15:23:14.422884,True
1156,687.56235,2024-06-17 15:23:14.422884,True
1157,658.22698,2024-06-17 15:23:14.422884,True
1158,565.75108,2024-06-17 15:23:14.422884,True
1159,632.49963,2024-06-17 15:23:14.422884,True
1160,626.79642,2024-06-17 15:23:14.422884,True
1161,666.91411,2024-06-17 15:23:14.422884,True
1162,395.48387,2024-06-17 15:23:14.422884,True
1163,662.16614,2024-06-17 15:23:14.422884,True
1164,421.28842,2024-06-17 15:23:14.422884,True
1165,1033.51373,2024-06-17 15:23:14.422884,True
1166,642.12612,2024-06-17 15:23:14.422884,True
1167,437.96567,2024-06-17 15:23:14.422884,True
1168,464.12046,2024-06-17 15:23:14.422884,True
1169,644.55542,2024-06-17 15:23:14.422884,True
1170,595.16673,2024-06-17 15:23:14.422884,True
1171,832.80424,2024-06-17 15:23:14.422884,True
1172,644.87937,2024-06-17 15:23:14.422884,True
1173,604.53553,2024-06-17 15:23:14.422884,True
1174,556.02035,2024-06-17 15:23:14.422884,True
1175,890.98739,2024-06-17 15:23:14.422884,True
1176,505.10732,2024-06-17 15:23:14.422884,True
1177,580.26360,2024-06-17 15:23:14.422884,True
1178,644.96317,2024-06-17 15:23:14.422884,True
1179,720.38459,2024-06-17 15:23:14.422884,True
1180,707.83396,2024-06-17 15:23:14.422884,True
1181,684.82512,2024-06-17 15:23:14.422884,True
1182,511.51844,2024-06-17 15:23:14.422884,True
1183,545.08034,2024-06-17 15:23:14.422884,True
1184,615.46989,2024-06-17 15:23:14.422884,True
1185,475.60955,2024-06-17 15:23:14.422884,True
1186,670.70953,2024-06-17 15:23:14.422884,True
1187,612.85348,2024-06-17 15:23:14.422884,True
1188,650.56252,2024-06-17 15:23:14.422884,True
1189,663.18568,2024-06-17 15:23:14.422884,True
1190,516.86813,2024-06-17 15:23:14.422884,True
1191,629.13777,2024-06-17 15:23:14.422884,True
1192,611.46608,2024-06-17 15:23:14.422884,True
1193,805.13315,2024-06-17 15:23:14.422884,True
1194,646.13148,2024-06-17 15:23:14.422884,True
1195,492.27849,2024-06-17 15:23:14.422884,True
1196,619.67604,2024-06-17 15:23:14.422884,True
1197,697.43784,2024-06-17 15:23:14.422884,True
1198,816.76847,2024-06-17 15:23:14.422884,True
1199,578.31864,2024-06-17 15:23:14.422884,True
1200,796.41225,2024-06-17 15:23:14.422884,True
1201,711.91543,2024-06-17 15:23:14.422884,True
1202,801.70609,2024-06-17 15:23:14.422884,True
1203,867.82117,2024-06-17 15:23:14.422884,True
1204,854.26746,2024-06-17 15:23:14.422884,True
1205,510.98350,2024-06-17 15:23:14.422884,True
1206,773.12779,2024-06-17 15:23:14.422884,True
1207,768.49741,2024-06-17 15:23:14.422884,True
1208,533.03814,2024-06-17 15:23:14.422884,True
1209,725.07472,2024-06-17 15:23:14.422884,True
1210,838.07405,2024-06-17 15:23:14.422884,True
1211,505.45438,2024-06-17 15:23:14.422884,True
1212,679.99766,2024-06-17 15:23:14.422884,True
1213,762.56640,2024-06-17 15:23:14.422884,True
1214,966.53255,2024-06-17 15:23:14.422884,True
1215,543.99978,2024-06-17 15:23:14.422884,True
1216,323.85880,2024-06-17 15:23:14.422884,True
1217,627.09842,2024-06-17 15:23:14.422884,True
1218,824.72665,2024-06-17 15:23:14.422884,True
1219,551.60841,2024-06-17 15:23:14.422884,True
1220,656.68617,2024-06-17 15:23:14.422884,True
1221,742.71778,2024-06-17 15:23:14.422884,True
1222,704.17883,2024-06-17 15:23:14.422884,True
1223,582.34809,2024-06-17 15:23:14.422884,True
1224,560.81534,2024-06-17 15:23:14.422884,True
1225,439.90016,2024-06-17 15:23:14.422884,True
1226,628.37754,2024-06-17 15:23:14.422884,True
1227,1020.50923,2024-06-17 15:23:14.422884,True
1228,492.04727,2024-06-17 15:23:14.422884,True
1229,805.36293,2024-06-17 15:23:14.422884,True
1230,614.43268,2024-06-17 15:23:14.422884,True
1231,706.42712,2024-06-17 15:23:14.422884,True
1232,679.57583,2024-06-17 15:23:14.422884,True
1233,580.35136,2024-06-17 15:23:14.422884,True
1234,698.24130,2024-06-17 15:23:14.422884,True
1235,715.38716,2024-06-17 15:23:14.422884,True
1236,752.63133,2024-06-17 15:23:14.422884,True
1237,712.65494,2024-06-17 15:23:14.422884,True
1238,652.99521,2024-06-17 15:23:14.422884,True
1239,688.32477,2024-06-17 15:23:14.422884,True
1240,620.42631,2024-06-17 15:23:14.422884,True
1241,687.68444,2024-06-17 15:23:14.422884,True
1242,613.25619,2024-06-17 15:23:14.422884,True
1243,671.29138,2024-06-17 15:23:14.422884,True
1244,826.14059,2024-06-17 15:23:14.422884,True
1245,625.45092,2024-06-17 15:23:14.422884,True
1246,801.46861,2024-06-17 15:23:14.422884,True
1247,767.10404,2024-06-17 15:23:14.422884,True
1248,777.50913,2024-06-17 15:23:14.422884,True
1249,801.75232,2024-06-17 15:23:14.422884,True
1250,191.93885,2024-06-17 15:23:14.422884,True
1251,580.56530,2024-06-17 15:23:14.422884,True
1252,538.48446,2024-06-17 15:23:14.422884,True
1253,736.45315,2024-06-17 15:23:14.422884,True
1254,922.82580,2024-06-17 15:23:14.422884,True
1255,711.75989,2024-06-17 15:23:14.422884,True
1256,563.55957,2024-06-17 15:23:14.422884,True
1257,550.44069,2024-06-17 15:23:14.422884,True
1258,679.89849,2024-06-17 15:23:14.422884,True
1259,565.11829,2024-06-17 15:23:14.422884,True
1260,652.11800,2024-06-17 15:23:14.422884,True
1261,488.91867,2024-06-17 15:23:14.422884,True
1262,492.74381,2024-06-17 15:23:14.422884,True
1263,788.43678,2024-06-17 15:23:14.422884,True
1264,651.06041,2024-06-17 15:23:14.422884,True
1265,662.77522,2024-06-17 15:23:14.422884,True
1266,600.63501,2024-06-17 15:23:14.422884,True
1267,854.91151,2024-06-17 15:23:14.422884,True
1268,608.35708,2024-06-17 15:23:14.422884,True
1269,622.08607,2024-06-17 15:23:14.422884,True
1270,559.74973,2024-06-17 15:23:14.422884,True
1271,604.13673,2024-06-17 15:23:14.422884,True
1272,627.43129,2024-06-17 15:23:14.422884,True
1273,558.00451,2024-06-17 15:23:14.422884,True
1274,582.22666,2024-06-17 15:23:14.422884,True
1275,800.23459,2024-06-17 15:23:14.422884,True
1276,710.61601,2024-06-17 15:23:14.422884,True
1277,598.90887,2024-06-17 15:23:14.422884,True
1278,420.84865,2024-06-17 15:23:14.422884,True
1279,742.13491,2024-06-17 15:23:14.422884,True
1280,844.91302,2024-06-17 15:23:14.422884,True
1281,630.42752,2024-06-17 15:23:14.422884,True
1282,716.28572,2024-06-17 15:23:14.422884,True
1283,591.51197,2024-06-17 15:23:14.422884,True
1284,600.24478,2024-06-17 15:23:14.422884,True
1285,767.63704,2024-06-17 15:23:14.422884,True
1286,550.03593,2024-06-17 15:23:14.422884,True
1287,574.40629,2024-06-17 15:23:14.422884,True
1288,562.98725,2024-06-17 15:23:14.422884,True
1289,601.85963,2024-06-17 15:23:14.422884,True
1290,843.04770,2024-06-17 15:23:14.422884,True
1291,894.15596,2024-06-17 15:23:14.422884,True
1292,922.57645,2024-06-17 15:23:14.422884,True
1293,564.13063,2024-06-17 15:23:14.422884,True
1294,728.47659,2024-06-17 15:23:14.422884,True
1295,448.52532,2024-06-17 15:23:14.422884,True
1296,667.71539,2024-06-17 15:23:14.422884,True
1297,549.86090,2024-06-17 15:23:14.422884,True
1298,559.50807,2024-06-17 15:23:14.422884,True
1299,645.60945,2024-06-17 15:23:14.422884,True
1300,706.14377,2024-06-17 15:23:14.422884,True
1301,848.27225,2024-06-17 15:23:14.422884,True
1302,383.55074,2024-06-17 15:23:14.422884,True
1303,561.14808,2024-06-17 15:23:14.422884,True
1304,522.37844,2024-06-17 15:23:14.422884,True
1305,858.32864,2024-06-17 15:23:14.422884,True
1306,602.17016,2024-06-17 15:23:14.422884,True
1307,634.77077,2024-06-17 15:23:14.422884,True
1308,534.82629,2024-06-17 15:23:14.422884,True
1309,473.15006,2024-06-17 15:23:14.422884,True
1310,647.20812,2024-06-17 15:23:14.422884,True
1311,575.83436,2024-06-17 15:23:14.422884,True
1312,601.28449,2024-06-17 15:23:14.422884,True
1313,592.28341,2024-06-17 15:23:14.422884,True
1314,648.10782,2024-06-17 15:23:14.422884,True
1315,490.44434,2024-06-17 15:23:14.422884,True
1316,564.05520,2024-06-17 15:23:14.422884,True
1317,776.03875,2024-06-17 15:23:14.422884,True
1318,790.04153,2024-06-17 15:23:14.422884,True
1319,825.32640,2024-06-17 15:23:14.422884,True
1320,894.34441,2024-06-17 15:23:14.422884,True
1321,490.80868,2024-06-17 15:23:14.422884,True
1322,629.61248,2024-06-17 15:23:14.422884,True
1323,488.55089,2024-06-17 15:23:14.422884,True
1324,758.68299,2024-06-17 15:23:14.422884,True
1325,596.91316,2024-06-17 15:23:14.422884,True
1326,501.63157,2024-06-17 15:23:14.422884,True
1327,821.25204,2024-06-17 15:23:14.422884,True
1328,641.00987,2024-06-17 15:23:14.422884,True
1329,568.09845,2024-06-17 15:23:14.422884,True
1330,708.77232,2024-06-17 15:23:14.422884,True
1331,624.40824,2024-06-17 15:23:14.422884,True
1332,668.61080,2024-06-17 15:23:14.422884,True
1333,557.38956,2024-06-17 15:23:14.422884,True
1334,615.68190,2024-06-17 15:23:14.422884,True
1335,596.77992,2024-06-17 15:23:14.422884,True
1336,587.96526,2024-06-17 15:23:14.422884,True
1337,484.64541,2024-06-17 15:23:14.422884,True
1338,557.16553,2024-06-17 15:23:14.422884,True
1339,484.45723,2024-06-17 15:23:14.422884,True
1340,705.54087,2024-06-17 15:23:14.422884,True
1341,548.95116,2024-06-17 15:23:14.422884,True
1342,859.76425,2024-06-17 15:23:14.422884,True
1343,936.75523,2024-06-17 15:23:14.422884,True
1344,682.52523,2024-06-17 15:23:14.422884,True
1345,530.43059,2024-06-17 15:23:14.422884,True
1346,650.37840,2024-06-17 15:23:14.422884,True
1347,749.72370,2024-06-17 15:23:14.422884,True
1348,671.31963,2024-06-17 15:23:14.422884,True
1349,633.43039,2024-06-17 15:23:14.422884,True
1350,874.33700,2024-06-17 15:23:14.422884,True
1351,583.26411,2024-06-17 15:23:14.422884,True
1352,661.89535,2024-06-17 15:23:14.422884,True
1353,437.84012,2024-06-17 15:23:14.422884,True
1354,621.37179,2024-06-17 15:23:14.422884,True
1355,580.55570,2024-06-17 15:23:14.422884,True
1356,742.72043,2024-06-17 15:23:14.422884,True
1357,636.29961,2024-06-17 15:23:14.422884,True
1358,451.51231,2024-06-17 15:23:14.422884,True
1359,595.55353,2024-06-17 15:23:14.422884,True
1360,907.57774,2024-06-17 15:23:14.422884,True
1361,831.05967,2024-06-17 15:23:14.422884,True
1362,596.51271,2024-06-17 15:23:14.422884,True
1363,644.03598,2024-06-17 15:23:14.422884,True
1364,730.19197,2024-06-17 15:23:14.422884,True
1365,611.08890,2024-06-17 15:23:14.422884,True
1366,968.21534,2024-06-17 15:23:14.422884,True
1367,631.43168,2024-06-17 15:23:14.422884,True
1368,636.04753,2024-06-17 15:23:14.422884,True
1369,819.30122,2024-06-17 15:23:14.422884,True
1370,767.15184,2024-06-17 15:23:14.422884,True
1371,589.84819,2024-06-17 15:23:14.422884,True
1372,623.92796,2024-06-17 15:23:14.422884,True
1373,597.14244,2024-06-17 15:23:14.422884,True
1374,580.86306,2024-06-17 15:23:14.422884,True
1375,795.29607,2024-06-17 15:23:14.422884,True
1376,955.57588,2024-06-17 15:23:14.422884,True
1377,924.05524,2024-06-17 15:23:14.422884,True
1378,450.20174,2024-06-17 15:23:14.422884,True
1379,694.69443,2024-06-17 15:23:14.422884,True
1380,680.26503,2024-06-17 15:23:14.422884,True
1381,832.48821,2024-06-17 15:23:14.422884,True
1382,701.05199,2024-06-17 15:23:14.422884,True
1383,762.84175,2024-06-17 15:23:14.422884,True
1384,726.34092,2024-06-17 15:23:14.422884,True
1385,605.51693,2024-06-17 15:23:14.422884,True
1386,460.74917,2024-06-17 15:23:14.422884,True
1387,701.03427,2024-06-17 15:23:14.422884,True
1388,554.40832,2024-06-17 15:23:14.422884,True
1389,616.62841,2024-06-17 15:23:14.422884,True
1390,682.76350,2024-06-17 15:23:14.422884,True
1391,861.72585,2024-06-17 15:23:14.422884,True
1392,811.49086,2024-06-17 15:23:14.422884,True
1393,677.54412,2024-06-17 15:23:14.422884,True
1394,729.79993,2024-06-17 15:23:14.422884,True
1395,691.85601,2024-06-17 15:23:14.422884,True
1396,627.89044,2024-06-17 15:23:14.422884,True
1397,866.26443,2024-06-17 15:23:14.422884,True
1398,685.51019,2024-06-17 15:23:14.422884,True
1399,761.66260,2024-06-17 15:23:14.422884,True
1400,679.93796,2024-06-17 15:23:14.422884,True
1401,594.57238,2024-06-17 15:23:14.422884,True
1402,559.14264,2024-06-17 15:23:14.422884,True
1403,733.32314,2024-06-17 15:23:14.422884,True
1404,451.50383,2024-06-17 15:23:14.422884,True
1405,557.34649,2024-06-17 15:23:14.422884,True
1406,593.15073,2024-06-17 15:23:14.422884,True
1407,775.44365,2024-06-17 15:23:14.422884,True
1408,690.72332,2024-06-17 15:23:14.422884,True
1409,611.35096,2024-06-17 15:23:14.422884,True
1410,741.64716,2024-06-17 15:23:14.422884,True
1411,930.56090,2024-06-17 15:23:14.422884,True
1412,863.24518,2024-06-17 15:23:14.422884,True
1413,692.29416,2024-06-17 15:23:14.422884,True
1414,704.41575,2024-06-17 15:23:14.422884,True
1415,854.42159,2024-06-17 15:23:14.422884,True
1416,726.44968,2024-06-17 15:23:14.422884,True
1417,862.98180,2024-06-17 15:23:14.422884,True
1418,647.17270,2024-06-17 15:23:14.422884,True
1419,707.31468,2024-06-17 15:23:14.422884,True
1420,674.63313,2024-06-17 15:23:14.422884,True
1421,663.82347,2024-06-17 15:23:14.422884,True
1422,644.17041,2024-06-17 15:23:14.422884,True
1423,793.52871,2024-06-17 15:23:14.422884,True
1424,811.75386,2024-06-17 15:23:14.422884,True
1425,588.10193,2024-06-17 15:23:14.422884,True
1426,770.34905,2024-06-17 15:23:14.422884,True
1427,693.33163,2024-06-17 15:23:14.422884,True
1428,569.13971,2024-06-17 15:23:14.422884,True
1429,569.71647,2024-06-17 15:23:14.422884,True
1430,591.82193,2024-06-17 15:23:14.422884,True
1431,578.41191,2024-06-17 15:23:14.422884,True
1432,727.68085,2024-06-17 15:23:14.422884,True
1433,840.39950,2024-06-17 15:23:14.422884,True
1434,600.79781,2024-06-17 15:23:14.422884,True
1435,532.61201,2024-06-17 15:23:14.422884,True
1436,598.30040,2024-06-17 15:23:14.422884,True
1437,803.18507,2024-06-17 15:23:14.422884,True
1438,579.38309,2024-06-17 15:23:14.422884,True
1439,1022.30798,2024-06-17 15:23:14.422884,True
1440,479.12691,2024-06-17 15:23:14.422884,True
1441,706.63914,2024-06-17 15:23:14.422884,True
1442,545.65940,2024-06-17 15:23:14.422884,True
1443,736.64921,2024-06-17 15:23:14.422884,True
1444,599.37358,2024-06-17 15:23:14.422884,True
1445,906.38789,2024-06-17 15:23:14.422884,True
1446,858.07526,2024-06-17 15:23:14.422884,True
1447,725.54076,2024-06-17 15:23:14.422884,True
1448,651.20179,2024-06-17 15:23:14.422884,True
1449,476.02204,2024-06-17 15:23:14.422884,True
1450,823.08074,2024-06-17 15:23:14.422884,True
1451,900.24012,2024-06-17 15:23:14.422884,True
1452,641.47640,2024-06-17 15:23:14.422884,True
1453,763.60112,2024-06-17 15:23:14.422884,True
1454,531.30493,2024-06-17 15:23:14.422884,True
1455,701.30664,2024-06-17 15:23:14.422884,True
1456,582.42302,2024-06-17 15:23:14.422884,True
1457,635.62104,2024-06-17 15:23:14.422884,True
1458,734.74073,2024-06-17 15:23:14.422884,True
1459,1032.90873,2024-06-17 15:23:14.422884,True
1460,171.77253,2024-06-17 15:23:14.422884,True
1461,629.07627,2024-06-17 15:23:14.422884,True
1462,725.69524,2024-06-17 15:23:14.422884,True
1463,460.72981,2024-06-17 15:23:14.422884,True
1464,679.52949,2024-06-17 15:23:14.422884,True
1465,790.33337,2024-06-17 15:23:14.422884,True
1466,693.13409,2024-06-17 15:23:14.422884,True
1467,807.66912,2024-06-17 15:23:14.422884,True
1468,613.38671,2024-06-17 15:23:14.422884,True
1469,659.57183,2024-06-17 15:23:14.422884,True
1470,569.90768,2024-06-17 15:23:14.422884,True
1471,850.96519,2024-06-17 15:23:14.422884,True
1472,703.03091,2024-06-17 15:23:14.422884,True
1473,450.68086,2024-06-17 15:23:14.422884,True
1474,445.20795,2024-06-17 15:23:14.422884,True
1475,645.93680,2024-06-17 15:23:14.422884,True
1476,593.81491,2024-06-17 15:23:14.422884,True
1477,508.41554,2024-06-17 15:23:14.422884,True
1478,371.15234,2024-06-17 15:23:14.422884,True
1479,876.11007,2024-06-17 15:23:14.422884,True
1480,470.60026,2024-06-17 15:23:14.422884,True
1481,727.84713,2024-06-17 15:23:14.422884,True
1482,970.07732,2024-06-17 15:23:14.422884,True
1483,419.34484,2024-06-17 15:23:14.422884,True
1484,762.41137,2024-06-17 15:23:14.422884,True
1485,715.57835,2024-06-17 15:23:14.422884,True
1486,566.41547,2024-06-17 15:23:14.422884,True
1487,503.48888,2024-06-17 15:23:14.422884,True
1488,478.78118,2024-06-17 15:23:14.422884,True
1489,688.01564,2024-06-17 15:23:14.422884,True
1490,771.12390,2024-06-17 15:23:14.422884,True
1491,582.30151,2024-06-17 15:23:14.422884,True
1492,581.85892,2024-06-17 15:23:14.422884,True
1493,673.52591,2024-06-17 15:23:14.422884,True
1494,708.62721,2024-06-17 15:23:14.422884,True
1495,772.51875,2024-06-17 15:23:14.422884,True
1496,830.37484,2024-06-17 15:23:14.422884,True
1497,482.68640,2024-06-17 15:23:14.422884,True
1498,887.31510,2024-06-17 15:23:14.422884,True
1499,494.60368,2024-06-17 15:23:14.422884,True
1500,728.99586,2024-06-17 15:23:14.422884,True
